text,Sentiment
مش من طبعى انى اكون حزين ومكتئب يعنى بتبقي فترات صغيره كدا وبتعدى لكن حقيقي الفتره دى اول مره احس انى مكتئب بجد ومضايق .. وربنا يهون والله ويعدي الفتره دى علي خير .,1
كم مؤلم أن تنهار من الداخل و تبقى روحاً لا تشعر و لا تُحس و تظل رغم الموت تبتسم للجميع,1
وقعدتنا ف اوضتنا لوحدنا وجع مايفهموش غير اللى جربه,1
وجع القلب عمره مايتوصف بمجرد كلام,1
"كلمتني أمي و قلت لها لا تضغطين علي مكتئبة و قالت "" أكيد ما تصلين الصلاة بوقتها و ما تقرين سورة البقرة البطلة التي لا يقوى عليها السحرة "" في هالبقعة تغرقين و تموتين بإكتئابك لوحدك أو بيخلون سببه ديني بحت.""",1
مؤلم شعور العجز الي اشعره في تحقيق اهدافي,1
تجهزت و لبست و عديت نص الطريق للجامعة و رجعت قلت للسواق رجعني البيت و انسدحت انا و ملابسي و شنطتي,1
وكأن في الروح ثقب تتسرب منه الحياة. هذا هو الاكتئاب..,1
كآبه ..,1
دايما أخاف لمن أكون مرة مكتئبة وفي القاع كلامي يأثر على أحد ويخلي يتراجع في موضوع علاجه من باب شوف دي قد إيه جربت علاجات وأدوية وطرق ولسا عالقة في الاكتئاب!,1
حقيقي تسأل بلا جواب من فين كل دا الحزن يجي! كيف الاكتئاب يولد كل دا الحزن بلا سبب! حزن أشد بمراحل من حزنك على فقد شخص قريب جداً!,1
كل اللي يقولوا لنا فاهمينك وفاهمين إيش حاسين! حقيقي منتو فاهمين حاجة! نحنا بنفسنا منا فاهمين حاجة!,1
وحتى رفع رأسي من وسادتي يُرهقني ..,1
حاسة إني أكره كل شيء في الحياة! شفتوا قد إيه كتب الآحياء مليانة تصانيف لكل شيء، مروراً بالإنسان إلى الكائنات وحيدة الخلية! وحتي العناصر في الجدول الدوري وكل شيء يتكون منها! حتى الفراغ واللاشيء!,1
لا نصحو جيدًا ولا ننام كما ينبغي، نظل في اضطراباتنا وأفكارنا المروعة تلك وبؤر أحزاننا حتى نسقط في الظلام.,1
قلبي موجوع و مختنق لدرجة حاسس بحبل المشنقة على حلقي بيخنقني أنا حاسس إني ميت جوايا مش عارف أوصف قد ايش الألم فضيع لكن أتمنى أرحل بسلام دون أذية أحد، حتى لو الجاي راح يكون أفضل أنا مش راغب حتى فيه,1
سوء الليل هو عباره عن تراكمت الحياه كلها تجتمع وتجي على شكل غمامه سوداء بليل اسود فتلاقي نفسك حزين بدون سبب ، بالرغم انك طول النهار مبسوط وتضحك بس انت عارف انك بترجع لغرفتك بالليل وبتبدأ بدوامة سوداويه حزينه.,1
اسوء مرحله ممكن يمر فيها الانسان مرحلة الاكتئاب يعني م تمر دقيقتين يخس بفرحه الا وتجتاحه رغبه عارمه بالبكاء كذا بدون مقدمات وبدون اسباب.,1
اليوم مزاجي مو طبيعي درجة السوء اللي فيه، افكار سوداوية لا تنتهي او خلونا نسميها واقعية، اتناسى اشياء كثير وانساها فعلا بس فجأة اتذكر كل شيء واعيش حالة حزن مؤقته??,1
يزعل كيف الناس تحبنا واحنا مو قادرين نحب نفسنا,1
شعور مؤلم ان يكون فى عيناك حزن لا يراه احد وفي داخلك كلام لايسمعه احد .,1
متعب من اللاشيء و كل شيء..,1
اولهم انا عايشه في حاله اكتئاب لا يعلم بحالتي الا الله,1
انا محتاجه جبل بحاله تحفيز عشان عندي اكتئاب بقاله سنتين وهقوم اقتل نقسي حالاً واشيّل الكون مسؤليه حُزني,1
مضايقني اني مبقاش عندي اهتمام بتكملة الحياة,1
اجلس أُعد خيباتي أتسائل لماذا حدث كل هذا مازالت الاحداث تتوالي الا يوجد فاصلا أستريح فيه  لا أريد فاصلا سعيدا أريد فاصلا بدون خيبات  بدون نوبات اكتئاب مفاجئه بدون كلمات أمي القاسيه بدون افكاري المؤذيه فقط دقيقه بدون ذاكره,1
لا شيء يؤذي الروح أكثر من بقائها في أماكن لا تنتمي إليها ??  لسان حال إكتئاب ما بعد السفر..,1
مسلسلي مخلص من شهرين و للحين فيني اكتئاب ??,1
انا عارف ان اصعب احساس يعدي ع الشخص هو ان يحس نفسه عايش من أجل اللاشئ فبالتالي كل يوم يجي ينام يقول يعني هو ايه الي ف بكره مُهم عشان اصحاله فممكن يدخل نفسه ف موجات اكتئاب حقيقيه ويتمني انه يختفي ميبقاش موجود اصلاً ,1
هذا الصيف كان من اكثر الاشهر همّ وأحس ان نفسيتي كانت من سيء الى اسوأ. من جون الى اكتوبر وأني في دوامة اكتئاب والحمدلله الحين احس نفسي اخيرًا طلعت منها وشفت نهايتها.,1
اولا صباح الخير ع الجميع ثانيا العالم مكان كئيب وحزين وميستاهلش الواحد يعيش فيه اصلا ثالثا اكتئاب الانسان متوقف على الناس او الظروف اللي حواليه مش حبا منه ف النكد يعني,1
كل يوم استيقظ من نومي ولااستطيع ممارسة عملي بشكل سليم ولاحتى عيش حياتي كما اريد ?? اعوام كل يوم فيها اشعر بالعجز  بالضعف والوحدة والخوف من يوم جديد  فالإكتئاب قتل نفسي وروحي,1
مساء الخير احبتي اتخذت قرار تقريبا عن قناعة والمهم ان عواقبه لن تضر غيري قررت انهي حياتي التي اعاني فيها منذ ?? اعوام خلال ال?? اعوام مريت بلحظات صعبة قتلت روحي لكن الخوف الان من طريقة التنفيذ  ماهي افضل واضمن طريقة للانتحار,1
وحدك يالله تعلم أني غدوتُ ركاماً غدوتُ حطاماً غدوتُ سهاماً تناثرت تحت الأقدام بعد معركة روحٍ قُهرت حتى ذبُلت خُذني إليك يالله  خذني بلطفك فلم يعد بالعمر متسعاً من الوجع,1
يوجع شعور أنك تتضايق من أشياء و مو قادر تتكلم أشياء تخليك تتحول إنسان ثاني أشياء مع الوقت ما تنحكي أشياء تتحول لنغزات قلب توجع لنوم طوويل لِقلة كلام وسدة نفس عن كُل شيء.,1
ابي اموووت والانتحار حرام اي شسوي طيب,1
أسوأ الفترات حزنًا هي التي يكون فيها حزنك بينك وبين روحك فقط، لا أحد يعلم مافي داخلك لأنك لم تبُح.. فيظنّون أنك في نعيمٍ من أمرك ويُلقون عليك أشياءً لا تطيقها .!,1
تجي اوقات تكون فيها مضغوط لدرجة انو في اي لحظة رح تنفجر حتى لأتفه الاسباب,1
اسوء انواع الحروب هيا الحرب اللي  بين نفسك وافكارك مشاعرك والواقع,1
لم يعُد لدي الرغبة في وصف ما بداخلي لأحد,1
لم أعد أمتلك الرغبة في المحاولة، ليس لأني لم أعد مهتمًا لكنني لا أرغب بالمزيد فحسب، لا أحد يعرف كم قاومت وأنا محترقٌ بجحيم هائل داخلي,1
يا الله، هذا الحُزن ثقيل جداً على روحي,1
أنا مُتعب. هذا كل ما أستطيع أن أشرحه لك,1
ليتني أستطيع وصف كل ما بِداخلي,1
ومن سيُصدُّقُ أن حروباً تدور داخلك وأنَّ بصدرك مُدُناً انهارتْ بأكملها  وأنت لا زلتَ واقفًا على قدميك !,1
لن أنسى أبدًا أننى أخوض هذه الأيام وحدى,1
وصلت لمرحله كآبه لدرجه اني ودي اقول لنفسي خلاص تكفين ارجعي طبيعيه??..,1
كل المؤاشرات احسها تبين لي إني بدخل مرحلة تشير الي كآبة او دخول مرحلة اكتئاب تراودني فكرة العزله عن العالم مو طابع لي,1
كآبة اليوم لا توصف (:,1
أنا لم أتعرض في حياتي أبداً لمثل هذا اليأس الفتاك كآبة قاتمة تمتص قلبي في الليل كوابيس و في المنام صيحات وحشرجة في الحنجرة تكاد تخنقني والدموع تستعصي تارة وتنهمر مدراراً تارة أخرى,1
أنا فارغ جدا، لا أشعر بشيء على الإطلاق، الوقت لا يمر، الأيام متشابهة، الظلمة تحيط بي من كل جانب، وجهي بلا ملامح، فمي مطبق، ليس هناك شيء بمقدوره إنقاذي.,1
لا أَحد يَعلم كَم من النزاعات تَحدث ب?داخلك يَومياً وكم يُكلفك الأمر لتبدو بِخير,1
من المؤسف أن يكون هذا العالم متسع لكل شيء إلا لأنفاسك,1
مُرهق من كل شيء ، أنا لستُ بخير ابداً.,1
ليتني أستطيع وصف كل ما بِداخلي.,1
مش كل اللي بنحس بيه ينفع يتحكي والله.,1
اخشي ان هذا الحزن سوف يدوم !,1
انا معملتش حاجه وحشه تستاهل كل اللي بيحصلي في حياتي ده.,1
جاني اكتئاب و شعور مقرف ????????,1
???? بعد شهرين ولسا في مخلوقات تربط الاكتئاب بقله الايمان وقله الدين صداع من قله العقل والوعي,1
حقيقي اليومم مو راضي يتعاون معايا والموضوع مره مزعلني,1
اسألكم بالله ماتخلوني بموت مليت من الوحده والظروف ودي اتوظف واتعالج ودي اعيش حياه كريمه تكفون لا تخلوني لو برتويت والله اني في امس الحاجه للوظيفه??,1
الأهل هم سبب الأكتئاب احياناً.,1
يضايق لمه ما تدري تتكلم لمن.   لمه تحتاج تتكلم وما تلقى احد .. وقت الي تكون انت ملجئ لكل الناس بس ما تلقى احد توثق فيه من كل الي حولك وحتى لو كانو كثار ..,1
أنت من سببت حزني وجرحي والدموع,1
كيف تبغيني أسامحك ، وأعود عليك ؟!,1
تركت لي وجعا يكفيني مائة سنة ، أي كرم هذا ..,1
"كنت اتمني ألاقي حد أحكيله من غير حواجز ، كأني بكلم نفسي """"",1
ظننتُ انهم سيلاحظون غيابي، لكني اكتشفت انهم لم يلحظوه بالعكس لقد ايقنت اني كنت فقط مجرد كتاب قديم ملقي ب اهمال ف مكتبه لا يعلم عنها احد ولم يلحظوا وجودها مسبقا:(,1
لا اصدقاء ، لا حب ، انا فقط اهتم لنفسي ، انا استحق اكثر??,1
من المؤلم ان تتصنع التجاهل .. وقلبك يتألم بصمت,1
اتعلمت اضحك الضحكة المزيفة مع الناس الجاهلة بحزني,1
شعور انك ف يوم هتموت وترتاح من الحياة دي ??? اجمل احساس فالدنيا,1
اصعب احساس ف الحياة انك تكون عايز تعيط من حزنك والدمعه مش راضية تنزل,1
إياك ان تسخر من مشاعر شخص تألم بما فيه الكفاية حتى أصبح بارد المظهر ، فأنت لا تعلم كيف يكون بكاء قلوب الصامتين,1
عليك ان تعلم انه ليس كل من يتنفس على قيد الحياة,1
شعور مؤلم ان تنام كل ليلة وفى عيناك حزن لا يراه احد وفي داخلك كلام لايسمعه احد .,1
لقد اعتدنا على الأذى ، ما عاد ضرر الشعور يُبكينا ,1
وماذا عن قلب لم يعد يشتهي شيئاً,1
لقد أصبحنا نعيش حياة ، لا ننتظر فيها أي شيء من الآخرين,1
سيأتي عليك حين من الوحدة كأن الكون خالي من البشر و أنت آخر نسلك,1
??:?? مخدتي لها النصيب الأكبر من الدمووووع.,1
الأمر أشبه بأن ينتهي شغفك فجأة ، أن يتساوى بنظرك كل شيء، كل شيء دون إستثناء، لن يصبح باستطاعتك سوى النوم و مراقبة ما يحدث دون ردة فعل تُذكر,1
غير قادر الإنضباط و المداومة على الإستيقاظ كل صباح للذهاب إلى بيئة تحدها العديد من الأنظمة و الضوابط و المتطلبات  صحتي النفسية بالكاد تخولني للإنتهاء من اليوم و أنا ما زلت على قيد الحياة الأمر فاق طاقتي على التحمل,1
أشعر أني أعاني وحدي و يحكم علي في هذه البيئة بأني مهمل، كسول، غير مبالي أحاول المحافظة على كل شيء من التداعي خارجي و أنا أتداعى بداخلي  و أعلم أن قراري خاطئ، ولكني لا أملك الطاقة للقرار الصحيح ولا أشعر بالمساندة الكافية أنا وحيد في هذا كله,1
لقد تصورت يوم رحيلي مراراً و تكراراً أكثر مما عشت في حياتي.. رغبةً أو خلاصاً، أياً يكن فليأتي مسرعاً فقد طال الإنتظار و الصبر بدأ بالنفاد,1
لا احد يعلم عن معاناتي شئ ،انا وحدي من يعلم..!,1
فقط تشعر بإنك هزيل القلب لَم يَعُد بـ إمكانك مُقاومة حُزنك مره أخري.,1
الفوضى اللي في دماغي وصلت لقلبي وصدقني الوضع هنا لا يحتمل أبدًا.,1
أنا كَان نِفسّي أكون بِخير زي ما بَقول..!,1
"ولا عارفة أوصِف مشاعري ولا عارفة أخرّج اللي جوايا ولا عارفة ايه هو حالي !""""""",1
لستُ حزينًا ولستُ سعيدًا ، أنا في المرحلة الأصعب ، أنا لا أشعُر بشئٍ أبدًا.,1
أسوأ الفترات هي التي يكون فيها حزنك بينك وبين روحك لا أحد يعلم ما في داخلك لأنك لم تُبح ويحسب أنك في نعيم من أمرك ويلقى عليك شيء لا تطيقه.,1
في مرحلة ما ستصبح غرفتك المظلمه هي العالم كله..,1
لا أحد يعلم ما أصابك، لا أحد يعلم كيف هيَ معركتك الخاصة!,1
أَنتَ أَصغرُ مِن أَنّ تتحملَ هذا الضغطَ الهائِل مِن الكونِ وحدك ، وأكبرُ مِن أنّ تعودَ باكياً لِوالديك.,1
مكتوم لدرجه مو قادر انام.,1
"احس الحين باسوا احساس ممكن احس فيه،  ومو فاضيتله لاني ابغا اذاكر ؛))""",1
إحساس جسدك مو سايع روحك,1
حاسة روحي كأنها كلها متكومة في طرف جسمي الأيسر ومخليته تقيل وما أقدر أحركه,1
متى يموت الاكتئاب؟,1
متى أموت أنا؟,1
ساعات تفكر ممكن الحياة ما تليق بك!,1
الأمر أشبه بخنق أحدهم ومطالبته بالتنفس في آنٍ واحد,1
الاكتئاب حربك لوحدك,1
كل مرة أحد يموت أزداد حزن إنه مو أنا,1
انا جدا محطمه,1
ليه كذا الحياه ما تخلينا نكون سعيدين لو شوي!!!,1
صح فيني اكتئاب بس مو محتاجه اهتمام من احد لان حتى الاهتمام يجيب الاكتئاب,1
اكره الحياه والي فيه,1
أحياناً نموت من فرط رغبتنا فالحياة مثال ??#الانتحار??,1
احب اقول انا بخير عشان ما احسس احد اني عبا او اني اخليه عاجز.,1
لو اخذتم ذراعي وابتعد عني الاكتئاب لرضيت بذلك.,1
"حابه اكون لوحدي ابكي لوحدي اتضايق لوحدي ""انتكس لوحدي "" احس اني وحيده لوحدي ولا اقول كل معاناتي وكلام طويل لشخص غريب لان هالشي ما يفيدني ابدا.""",1
الإكتئاب شنيع قبيح مؤلم… وفاة صديقتي وأخي واختي والكثير لم يكن بمقدار الألم الذي شعرت به عندما اشعر بالاكتئاب ولكنه يجعلني أسوأ مع كل أمر محزن انه سيء.,1
ما اعرف كيف ما بكيت الايام الي فقدتهم فيه ما كنت احس بشي غير الاكتئاب الي كان ياكلني اكل وافكار الانتحار الي رافقتني,1
"حياتي مع الاكتئاب اتألم ولكن لا ابكي وعند محاولتي بالانتحار يضحك الجميع او يقوم باخباري كم انا فاشله وسيئة لأنني حاولت الانتحار ""لا تعلم مقدار الألم الذي اشعر به ارجوك لا تتحدث وكأنك تفهم ما اقصد انت لا تعلم سوا أنني مصابه بالاكتئاب",1
كونك ما جربت يكون فيك اكتئاب و تعتزل عن العالم والناس الي حولك لا تحكم على الشخص دامك ما جربت الاكتئاب لان شي يصعب شرحه بس رح يفهم كلامي كل شخص عانا منه.,1
قلبي يعورني,1
"حرفيا ""يوم سي جدا""""",1
"حرفيا! أسوأ شي في الاكتئاب : ""محد يفهمك""""",1
شنيع الاكتئاب ??,1
مالي نفس أكل حتى الأكل الحلو الي انا احبه صار مالي خلق اذوقه ليه كذا!!,1
ليه احس اني وحيده ??,1
"راسي وجسمي وكل شي فيني جالس يعورني ""كل شي حرفيا""""",1
ابغى امووت لان مافي شي يستاهل اعيش عشاااااانه,1
ولاني اكره نفسي وأكره الاكتئاب,1
وأكره الدنيا والي فيه والي حولي بالذات…,1
امي تعرف اني حاولت الانتحار بس ما ادري ليه مو جالسه تعطي الموضوع أهميه!,1
انا منبوذه مصابه بالاكتئاب سلبيه تنشر الطاقه السلبيه في كل مكان اهربو بعيدا عني نعم لطالما تخشون أولئك الصنف من الأشخاص!,1
انا محطمه تماماااا,1
اشياء غريبه هاليوم صايره ما اعرف  بس شعوري متخلبط غضب ولا حزن ولا عدم قناعه ولا اكتئاب!!,1
ليش انا فقدت الشغف واستلمت لاني حاولت كثير اني احقق الي ابيه بات كل شي بالفشل قلت لنفسي خليني اكمل دراستي واحقق حلمي حاليا انا ما كملت دراستي انا اكره حياتي لاني كل ما حاولت انجز شي او أمارس شغفي افشل انا يأست ,1
انا مدمر الى اشلاء…  كلما اتذكر ذلك وكلما اشعر بذلك وكلما اشاهد الاخرين يبتعدون عني لأسباب لا اعلم ما هي ربما لأن لا احد يحبني!، هذه ليس شعور جيد أبدا ولكن لا استطيع ان اجعل كل هذه الحزن يبتعد عني ويذهب بعيدا لا أستطيع البكاء أنه لا يريد أن يخرج,1
عن أي حياة تتحدثون ونحن بهذه الاعمار أصبنا بالاكتئاب,1
علاج اكتئابي او الشي الي يخليني اتحسن هو الإنجاز… احس يوم أنجز اكون فخوره بنفسي,1
لم يعد يهمني اي شي لم تعد لي رغبه بفعل اي شي,1
اكره الي يعاتبني لاني سلبية لاني ما اخترت اني اكون سلبية,1
أصبحت منطفئة تماما احاول جاهدة ان استجمع طاقتي في كل شي فقدت شغفي للحياة اعلم انه لا مفر و لكنى احاول جاهدة الا اسقط اعلم انها ليست نهاية العالم ان افقد طاقتي و لكن أهذه نهاية عالمي انا ؟!,1
اشعر بانني فاشله وليس لدي اي قيمة في الحياة ورغبتي في الموت تتزايد الانتحار ليس رائع ولكن هذه فكره ترافقني طوال الوقت…,1
احس اني مخنوقه,1
احس اني مو قادره استحمل,1
إنك لن تفهم أبداً ماذا يعني أن يفعل المرء كل ما في وسعه دون جدوى,1
لسنا بخير لأننا ننفق كل جهودنا لنبدو بخير وليس لنكون بخير,1
على المرء أن يبقى مشغولاً، للحد الذي يلهيه عن تعاسته,1
استيقط كل يوم وحمل كبير على صدري   شعور عائم بالفراغ الموحش   اللحظه الوحيده اللي يختفي فيها كل هذا هو عند النوم الذي لا يستمر طويل هو الاخر .,1
الأيام الماضية كانت ثقيلة جداً، حاولت المكابرة لكن إنتهى بي الأمر بالانهيار، توقفت عن النوم وتناول الطعام، أنا بخير وقادمة بقوة للحياة، وصباح الخير,1
أخاف العتمة يارب..,1
"محبطة ""كحمامة"" فقدت جناحيها..!""",1
كومة من العقد تخلفها العلاقات الغير ناجحه، والكثير من اليأس ينتج من المحيط البائس، وجراح لن تلتئم تركها أولئك الذين منحناهم الثقة ومنحونا الخذلان..,1
مصابه باكتئاب حاد أصبحت الحياة اليومية صراع للبقاء . ,1
مصابة باكتئاب شديد,1
ذحين صدق كثرت الكِتمان يسبب إكتئاب؟!,1
كل اللي كنت احبهم يوم كنت تينيجر صابهم اكتئاب وانتحرو  شكلها مؤشرات تنبيه لي,1
مكتئبة لدرجة أحس الإكتئاب يعصر لي أمعائي.,1
ابوي لما عرف ان الدكتور شخصني كمريضة اكتئاب جا لي يهاوشني ليه انا مكتئبة بعدين جلس يقول لي لازم تصلين وتسبحين وتهللين بعدين سكت شوي وجلس يهاوشني ليه انمرض بالاصل ...,1
انا مش كئيبه ، انا مكتئبه,1
اتمنى لو كنت انانيه لاني لو مع انانيتي ماصرن مكتئبه,1
انا مش كئيب انا مكتئب,1
أعيش حياتي بائس مكتئب فلا أنا بعيد كل البعد ولا أنا بداخلهم كما لو كنت علي الحافة,1
وحيدٌ ومُهمل، كَ ملاك حزين,1
أهلًا تويتر أنا مكتئب,1
"فكرة انى مكتئب او زعلان جوايا؛بس انت شايف انى بضحك وعادى ده علشان انا عايزك تشوف كده وبس،انا مهما قولت مش هتفهمنى ولا تساعدنى بحاجه..""",1
انا لست بخير..اريد البكاء..,1
مُرهقه من كل شيء ، انا لست بخير ابدًا,1
مُرهق من كل شئ ، انا لست بخير ابدا.,1
أنـا لـسـت بـخـيـر هـنـا? ضـيـق بـصـدري و دمــع يـقـف عـلــى اطــراف عيـنــي حـتـى قـلـبـي يـؤلـمـنــي جـدا ,1
أنا حزينٌ للغاية ، لا أستطيعُ البكاء.,1
الوضع هنا حزين للغايه,1
تقريباً عيني فيها دموع اكثر من اللازم ومستعدة للسقوط حال,1
أسوأ مرحلة ممكن تُمر فيها،مرحلة تكون مشاعرك فيها ساده وايامك باهتة لا مستانس ولا زعلان، تكون متقبل كل شيء ببرود ومو فارقه معاك مين يروح ومين يجي تكون مستني شي اقرب للوهم وعالق ف النص من كل شيء، مرحلة صعب تشرح فيها شعورك,1
اُركُض، الظلام دَامِس هُنا .,1
ماذا نفعل؟ نحن الذين لم يبق لنا كتف في هذه الحياة؟,1
مالي خلقي اليوم، ما ودي فيني!,1
تطور اليوم كان من سيء إلى أسوأ.,1
بين مقاومة ومُحاولات، أعيش.,1
ظلام دامس .. دمعه حائره ..  مستقبل مجهول .. وحده .. وددت أن أنام طويلاً للأبد دون استيقاظ ..,1
لما اعد قادرة علي الحياة لقد سئمت العيش هنا هل تسمعني يا الله؟ انا لا اعترض علي قضائك و لكنني لم اعد احتمل.. هذا يكفي العالم أصبح ضيقا جدا  اكاد ان اختنق من شدة الضيق اريد ان ارتاح اخلد إلي النوم ولا استيقظ مجدداً  لا استيقظ أبداً..,1
لست بخير ، لم يكُن الأمر علي ما يرام منذ فترة طويلة .. طويلة جداً .,1
كم هي قاسيه تلك اللحظات  والتي تكون فيها تعاني الماً ولا تجد من تشكي له الحال  لتشعره انك لست بخير,1
"محبطه لأنه ماعندي شخص اروح له وأقول ""أنا مستاءة"" بكل أريحيه.""",1
لست مُحبطه اشعر فقط بإشياء غير مفهومه.,1
احباط حاد من الدرجة الأولى.,1
أريـدُ أن أنـام و لو فـي ثلاجـة موتـى بـاردة، أريـد أن أغفـو بلا ذاكـرة، بلا وجـع، بلا ألـم، أريـد أن يتبخـر حزنـي من جلدي ، أن ينبض قلبـي  دون إحبـاط ألم يرهقنـي، لقد تعبت من ألم جسدي وألم قلبي,1
اليوم أنا محبطة جدآ وكل شيء يمشي عكسي,1
أنا مكتئب عانقني ولو بغرض المواساة,1
بدون سابق انذار هكذا فجأه تشعُر انكَ مُحطم،يائس،مُكَتئِب،بالرغم ان كُلَ شى امامك على ما يُرام لكن قلبكَ ليس كذلك.,1
هل تعلم ماذا يعني أن يكُون الانسان من الداخل مُكتئب، ومن الخارج لا ينطق بكلمه واحده، هل تعلم مدَى الأذيه هُنا ؟,1
مافي شخص نفسيه ، فيه انسان يمر بظروف ما يقدر يحكيها لدرجة هالأشياء تأثر على تصرفاته وكلامة مع الناس ، لما شخص تحسه متضايق وتسأله وش فـيك ويقول لك مدري صدقه لان فعلاً ما يدري في اشياء كثيره متراكمه بقلبه ومب مستوعب ايش يوجعه اكثر .,1
لأزم نفهم ان الشخص احياناً ما عنده طاقه ، مو زعلان ولا متضايق ، بس ما عنده طاقه للكلام او الحركه او ردة فعل لاي شي,1
تعبت اتصنع اني مبسوطه وانا متضايقه واحس بخنقه من الزعل,1
احسني مروقه وحزينه ومبسوطه وزعلانه وشعوري متلخبط جداً ومرا .,1
كنت دايم اسمع انو مو زين الشخص ينام وهو مضايق ومااصدق وجا اليوم الي ابتعد عن شي وتعبت وانهرت يمكن ابالغ لكن هالشي بالنسبه لي ثمين وكنت ارتجف ومن بعدها صحيت انا تغيرت انا تعبت ومازلت احاول ارجع كل شي ومااستسلمت ويارب انك تشفيني,1
تعبت اكذب على نفسي واقول اقدر وانا والله مقدددررررر,1
مشكله لما تحس إنك قاعد تعيش بفتره أنت بنفسك تعبت منها كثير بنفس الوقت مو قادر تغير شي ولا هالفتره راضيه تعدي,1
اشعر بضيقه قويه بداخلي تكاد ان تدمرني ضيقه لا أستطيع تحملها انها تهلكني اشعر وكانما هناك شيى مؤلم بداخلي لاكني لا أستطيع تفسيره أبداً ,1
"شيءٌ بصدري ؛ خَفيٌ كلّهُ وجعُ لآيَعلمه إلاَ ربي ودَمعةٌ بـِ آلعين وغَصةٌ ب القَلبْ""",1
مؤلِمه تلكَ الدَمعة التي تَسقط وَانت صامت تسقط من شِدة القهر والألم والاحتياجِ,1
كأنه كُتب علينا العيش هكذا فـي منتصف الأشياء كلها ، لا نحب ما يحدث ولا يحدث ما نحبه ابداً العيش في مكان كهذا مؤلم وتافه جداً,1
شعور مؤلم ان تنام كل ليلة وفي عيناك حزن  لا يراه احد وفي صدرك كلام لايسمعه احد,1
"قال #الإمام_ابن_القيم -رحمه الله تعالى- : - "" فإن من لم ير نعمة الله عليه إلا في مأكله ومشربه وعافية بدنه فليس""",0
كلاام جمييل تستاهل(من احبه الله جعل محبته ف قلوب البشر),0
لابسة احمر ليه يا ست انتي ايه المناسبة,0
السحب الليلة على الايفون .. رتويت للمرفقة وطبق الشروط,0
أنت الأبد أنت اللي ما بعدك أحد,0
ونعم بالله العلي العظيم,0
ستفرج بطريقة يعجز عقلك عن إستيعابها، بإذن الله,0
سبحآن آللہ ? بحمده ، عدد خلقہ ? رضآ نفسہ ، ? زن? عرشہ,0
اللهم ارحم اموات ينتظرون منا الدعاء ونور قبورهم واجعل قبورهم بردا وسلاما برحمتك يا ارحم الراحمين,0
اللهم صل وسلم وبارك على سيدنا محمد وعلى اله وصحبه وسلم,0
للهم نسألك خير هذا اليوم فتحه ونصره وبركته وهداه ونسألك خيره وخير مافيه ونعوذ بك من شره وشر مافيه ونسألك العفو والعافيه والأمن والأمان,0
متفائله حد السماء لكن يكسرني حزني يؤلم قلبي فقط ان اتخيل وجودك مع شخص اخر غيري,0
الشيء الوحيد الذي وصلوا فيه للعالمية هو : المسيار ..! . ترى كانوا يشجعون ريال مدريد ضد النصر,0
وقل رب ارحمهما كما ربياني صغيرا,0
لا بأس بها ان كانت مجردة من الأفعال.. ومرور الايام سيثبت لك أن كانت مشاعر حب صادق أو مجرد إعجاب عابر.. أظن,0
والحين من شهرين من صار ماصار,0
"يا جماعه طبيعي والله ما ربنا قال : "" فلا أقسم بالخنس ، الجوار الكنس "" هو إحنا كل شويه بننبهر""",0
انتبه لاتحذفك المدام,0
أسأل الله العظيم أن يجعلكم من أسعدالسعداء. وأن يتم عليكم الصحةوالشفاء . وان يحفظكم من كل مكروه. ويعطاكم ما ت,0
جيني و روزي حماسهم شي ثاني,0
اللهم يانور هذا الكون ، يا عون من يطلب العون ، أكتب لنا رضاك ، وأكفنا بك عمن سواك ، وأسعدنا بعفوك يوم لقاك ، يارب ف,0
أعتذر لكل الذين رحلوا دون أن أودعهم .. دون أن احتضنهم واخبرهم كم كنت أحب قربهم، كم كنت اعتقد أن الرحيل مجرد تخي,0
تصرف محمد كنو في الهدف هو ? من قيمة الهدف، لعيب يا محمد,0
بموت كيوت مووت,0
زلزل_الملعب_نصرنا_بيلعب بكره موعدنا الدره ي عالميين الهمه الهمه ي جمهور الوفاء وفالنا الفوز بإذن الله,0
ثم يجبر الله خاطرك لدرجة إنك تشعر أن? لم تحزن يوما,0
لما شفت الضباب جاتني نشوة طربية لأغاني أبو نورة,0
مافيني فايده,0
نخلة في الجنة: سبحان الله العظيم وبحمده,0
يا الله بس نصير أصدقاء,0
"قد يعجز اللسان عن البيان ولكن العين مرآة لما في الوجدان ولذلك كانت العين بريد القلب وهي أصدق""",0
هناك بعض ألأماكن تمر بهآ ف تشم رآئحة مآضيك وكأنها تعيد الزمن إليك ب طقوسه سآعآته ’ ذكريآته,0
روح والقلب داعي لك ومتواجدين على مدار الساعه,0
بنفس اليوم ماغير السيول سايله وتجين على جال غدير وتتقهوين فله والله بس افضل الخروج والجو ماطر,0
أيها العظماء هولاء الطاهرين قدموا أرواحهم عربونا لفرحة وطن كامل فلاتنسوهم من صالح دعائكم قبلوا أقدام أمهاتهم ساندوا…,0
آمين ياارب الل?ه يعطيك ماتتمني ويقدر لك كل ماهو طيب ويسعدك ويرضيك ويرضى عنك,0
ويوسف بين مكر إخوته ، كان يظنها الأخيره ويوسف في ظلمة البئر ، كان يظنها الأخيره ويوسف في الرق ، كان يظنها الأخيره و,0
في مباراة العربية غوميز استفز وتلفظ على المدافع الشاب عبدالباسط هندي حينها جهلة المدرج و الإعلام الجاهل ضحكوا وتن,0
ملاحظة في محلها لابد ماتتكرر في المباراة القادمة .. شكر احمد الحربي,0
ركعه في جوف الليل قد تيسر لك الكثير من أمور حياتك المتعسره,0
أصدق يقين ، وأوثق ثقة، وأعظم تفاؤل وأدوم طمأنينة ، واسعد لحظات ، وأقوى ثبات وأعذب كلمات . هي ? في الدعاء ومناجاة ا…,0
أ??? ????? ??? ??? ????? ?أختا? أ??? ??? ?????? ????? ?????? ??? ???? ?? ????,0
اطفال التويتر موتوا الايموجي صار تقليد اول مره اعرف مريضة مره مثيرة للشفقة,0
ماهذا ي هذا م عرفتك اليوم هه يسعد صباحكك يارب,0
مقلب جامد,0
علميني من خذاني مني كلي ،، غير عينك ياغلا قلبه ضنينك ليتني عايش سنينك عيش دايم في عيوني بين احضاني وجفوني…,0
تعديل.. يوم لك ويوم عليك و5 أيام تتشمت فيك. مشكلة اللي مواصل سهر و مافيه نوم و جوعان و يجيب حكم,0
هو انا رايح الدوام انام,0
مبروك الفوز وصداره بس,0
شوفوا السويلم وين وصلهم,0
الاهلي لعبة #الهلال لأكثر من عام وهذا سبب تحول إعلامه لدعم منافسين الهلال في كل موسم اهم شي ما يأخذ الهلال…,0
ما تشيب الاماني لو تخيب الظنون وما تضيق الحياة وعند ربي سعه,0
يعني ع بالكم محمد بن سلمان بيقطع سعود ولعاد يكلمه,0
حسين خوجلي بعد م سمع البيان,0
ياصباح الرضا,0
احبك يمه والله يخليها لي,0
أبي .. جنتي .. نور عيني ربي يديمك تاج فوق راسي,0
موفقين باذن الله,0
مطر و ساعة استجابة تهادوا الدعاء حبا,0
واضح ابناء تعب قلبي + صباح الخير ي الخفوق,0
للحين احبك رغم اني منكسره على بعدك والله اني ماقويت علمني شلون اجيك بلا عذر واقولك كم مره بغيابك بكيت,0
عودوا أنفسكم أن تكون أيامكم: احترام، إنسانية، إحسان، تسامح ، تفاهم. فالبصمة الجميلة تبقى وإن غاب صاحبها. .. صباح الخير,0
كل سنه وانت طيب يا مكهرب,0
تثور الشعوب من أجل الحرية والكرامة والعدالة وتسيل الدماء ثم تطمع الجيوش في الحصاد !! هكذا دون حق دون حياء,0
وعليكم السلام ورحمة الله وبركاته ، الزوج موجود نعتذر,0
اللهم إني أعوذ بك من جهد البلاء . ودرك الشقاء . وسوء القضاء . وشماتة الأعداء,0
الغيبة عند الإخوان المسلمين فضيلة الشيخ الدكتور : حمد بن عبدالعزيز العتيق حفظه الله,0
أداء فور ايفر يونق في كوتشيلا - ابريل,0
وحين يسألونك عن جهاد النفس الحقيقي أخبرهم أن أصدق جهاد هو قدرتك على أن تجعل هذا القلب نقيا ،، صالحا للحياة الآدمي,0
ماعليك ساهر موجود وكل شي ي بعدي محسوب وجميع من قفل حسابه احب أقوله يوزرك معروف وتفاعلك,0
اعتزل افضل,0
السحب الليلة على الايفون .. رتويت للمرفقة وطبق الشروط,0
"أسألك اللهم في كل يوم جديد زدته في حياتنا ؛ أن تزيدنا معه إيمانا ؛ و رزقا ؛ و سعادة ؛ و توفيقا""",0
اللهم صل وسلم وبارك على نبينا محمد وعلى آله وصحبه أجمعين,0
نخلة في الجنة: سبحان الله العظيم وبحمده,0
بونجور يا قلبي,0
ا إله إلا الله العظيم الحليم، لا إله إلا الله رب العرش العظيم، لا إله إلا الله رب السماوات ورب الأرض ورب العرش الكريم,0
لا للتعصب الرياضي.. كلنا عيال سلمان,0
صباح الخير والنوير,0
السحب الليلة على الايفون .. رتويت للمرفقة وطبق الشروط,0
جماهير الهلال تردد اهزوجة الاتحاد بعد فوزهم على الاهلي,0
كالعاده التوقيع باسم : السودان باسمنا كلنا.. ناخذ لحظه ونترحم فيها على شهدائن,0
بسبب سوء الظن : كرهنا بعضنا وقل لقاؤنا وقطعنا رحمنا فسلوا الله حسن الظن بالناس فيه راحة للقلب ,0
الصباح اللي على صوتك بدا هو صباح الخير والباقي كلام,0
كلام مال انته ميه ميه,0
وبطلابها أيضا .. وذلك من لطفك,0
آللهم إني أسألك من الخير كله ..عاجله وآجله ، ما علمت منه وما لم أعلم،،وأعوذ بك من الشر كله ..عاجله وآجله، ما علمت منه وما لم أعلم,0
اتحداكم تعرفون اسمه الحقيقي,0
ولو بشرب مش هعرف,0
صفات الأبطال الخارجين الرجل المطاط,0
ان شاء الله عقبا لدوري المناطق,0
يا حظ حقون المسابقات ومشاهير تويتر .. دايم الناس تسلك لهم وتضحك على سوالفهم البيض,0
يا عاشق الصبح هذا الصبح قد عادا .. فانهض له واجعل الأوراد ميعادا .. وانشر على راحتيه ألف ..تحيه بصب,0
ما أسهل أن ينسى الإنسان اللحظات الجميلة التي قضاها مع الشخص الصادق الودود الذي لم يكن منافقا ولا كاذبا ولا لعوبا كغ,0
"ألطف ما قيل في الإشتياق ""مو ضروري إني أقولك.. قد أيه أنت واحشني.. والغياب مهما يطول بك.. عمره ما يبعدك عني""",0
شوي تركيز حنى هنا نتكلم عن الستريش مانتكلم عن نظام الهلث,0
تأمل في الحياة ترى أمورا ستعجب إن بدا لك كيف كانت فكم من كربة أبكت عيونا فهونها الكريم لنا فهانت وكم من حاجة,0
من دم وايل توزعنا على كل دار شيوخ في نجد وشيوخ على الرافدين قوم نحب الفخر والعز والأنتصار ياناخذ الطايله ولا نموت,0
صباح النور والسرور,0
قربنا لخط النهاية,0
يتحدثون عن اخلاق حسين ونجوم فرقهم نهاياتهم الرياضية أليمة ومخجلة نختلف ونتفق حول حسين ولكن المؤكد أن صحيفته الأخلاق,0
"كبيير ياخالد صح الله لسانك نص فخم "" ينعاش و ينحس "" مش للقراءه فقط مبدع ومتميز في جميع مجالاتك""",0
حتى انا والله كان لذيذ,0
حياك الله بين ربعك واخوانك وسيدني كلها تحت أمرك,0
خاطرة جميلة جدآ,0
اللهم إن لك عبادا ينتظرون فرجا قريبا فبشرهم، وعبادا يسألونك الشفاء فاشفهم، وعبادا يرجون نصرك ورحمتك فانصرهم وارحمهم يا أرحم الراحمين,0
يتحدثون عن اخلاق حسين ونجوم فرقهم نهاياتهم الرياضية أليمة ومخجلة نختلف ونتفق حول حسين ولكن المؤكد أن صحيفته الأخلاق,0
لالا عااد ولدنا دكتور قد الدنياا,0
هه نحب اللون الاصفر ولو كنا هلاليين,0
ون ذا ناين يرتدون ملابس بيضاء وخضراء اليوم,0
الحمد لله .. كانت مباراه صعبه ولكن بتوفيق الله ثم دعمكم تجاوزنا المباراه,0
يارب انصرنا,0
قاعده تمطر عندنا,0
نادي الدلال اخذكم رايح جاي,0
دآئما كن محآطا ب آلآمل .. في حيآتك لتستمر بكل قوه وثبآت,0
صباح الجمال كله,0
شهور و يوم تعال خذ الزرقاء من فريق التماسيح,0
ومهما كانت الدنيا معاك احلى اكيد احلى,0
هادي بية صباحك جميل بإذن الله,0
مفيش حاجه اسمها مستحيل ما دمنا نتنفس يبقي الامل قائم والحلم مباح,0
إني أسألك العفو والعافية في الدنيا والآخرة,0
اللهم أمطر على الفقراء رزقا اللهم أمطر على المرضى عافية اللهم أمطر على العاصيين هداية اللهم أمطر على المستغ…,0
على راسي وعيني والله عساني مااخلا منكم,0
"الحمد لله الذي أنعم علينا بعمر جديد ويوم جديد نعيشه""اللهم اجعلنا من الشاكرين""",0
اصبحنا واصبح الملك لله .. اذكاركم,0
في وجودك ياحياتي لي حياه,0
هذي الاعاقه المتعمده من قوميز ليش ما اخذ عليها كرت اصفر ؟,0
اذكار المساء,0
جمييل المشهد حلو انه من غوشو يعني ممكن نشوف الموضوع بالمانجا دايم إضافات غوشو بالأفلام تكون حلوه,0
هه انا اللي وراك,0
الناس صارت فاهمة ان التلفزيون العربي فرع لقناة الجزيرة ,0
الطاعة تجلب للعبد بركات كل شيء، والمعصية تمحق عنه كل بركة,0
ألطف صورة ممكن تعبر عن رمضان,0
اترك أمورك بين يدي الله وثق بأنه لن يضيعك,0
ياترا صباحك يفتح لورد اكيد نرجس ويسمين,0
حسبي الله لا إله إلا هو عليه توكلت وهو رب العرش العظيم.. دائما وأبدا إجعل توكلك على الله,0
لا أراك ولگني ألقآك .. فرؤية العين رؤية و رؤية القلب لقآء,0
صاير حلو بالصورة,0
في صغرنا كانو النصراويه يتهمون #الهلال بانه نادي يفوز بالغش التحكيمي وعندما كبرنا ووعينا الامور وجدناها فقط اكذوبه,0
يازينها دايم ,0
معرفش فى ايه بس كبرى دماغك واللى عنده حاجه وصادق فيها يجى يقولهالك ف وشك غير كده يبقا كبرى دماغك وم,0
ان شاء الله والف الف مبروك,0
كان نفسي ازعل زيكوا ان هدوم الصيف مش داخله فيا بس انا مهما باكل مبتخنش,0
بالصبر تفتح أبواب السعادة وبالشكر تدوم النعم وبذكر الله تطمئن القلوب. جعلنا الله وإياكم من الذاكرين ,0
كل فرحة تصنعها لغيرك ، ستعود لك ، و هي أجمل,0
شعاع الشمس لو أنه يشق السور ، أنا أحسه ظلام إن ماشرق وجهك,0
رموش وبرقع,0
يوم الجمعه اجازه وراحه من الرتويت الاجباري والتبادل ودي بين الاعضاء,0
بس تدري كل طقه عقبها ، ، تعلميه ذكرياتك خلف ظهري والسعد قدامي,0
يجب على الكل انصافه ضد الأهلي .. كان نجم فوق العادة,0
يارب إني أحببته كحب نفسي ، يارب فاحفظه لي ولا تريني مكروها فيه,0
حينما تكون منزعجا..من واجب صديقك الصدوق احتضانك رغما عن انفك,0
من قبل مااطلع من التويتر واخليك ياما نصحتك وماسمعت النصيحه مادام بعت الي يحبك ويغليك خلك مع المتر,0
من أوجدك من العدم لن يعجزه ما تكنه في صدرك حدث ربك بيقين يعطيك فوق ما تسأله,0
إنتبه أن ترمي حديثا لا يزول أثره بسهولة ، وتبقى تلك الندبة بقلب أحدهم,0
لست مثالي ! لكني لم اؤذي أحدا ، نعم يوجد بداخلي جزء سيء لكني لا أنقض عهدا ولا أخون وعدا ولا أستطيع أن أرى الكسر في عين أحد ,0
جماهير الهلال تردد نشيد #الاتحاد بعد مباراه الاهلي بالجوهرة مساء يوم أمس,0
أما العبودية .. فستبقى عبودية، وان طلت وجهها، وغيرت ملابسها. العبودية تظل عبودية حتى وان دعت نفسها,0
هكذا احتفل زوجين من طيور اللقالق بعد نزول أول بيضة لهما في العش,0
لا خلاص تفرمت ،، اشوى تعدل نومي يبيلي اذبح ذبيحه,0
لا يمكن أن تكون القراءة هواية، كيف لشيء يكسبك معنى الإنسانية، ويطورك معرفيا، ويهذبك وجدانيا، ويعرفك با…,0
ماشيا معاكم حلاوة الحظ والحكام ,0
وش_يقول_الليل الليل ما يتكلم,0
يالله يارب على الجمال,0
الحمدلله على نعمة الاسلام,0
أنت الأبد أنت اللي ما بعدك أحد,0
صباح التربع على عرش الصداره بإذن الله صباح الفخر و العظمه يا أمة النصر صباح التفاؤل و بأن الله معنا ,0
مشلاه على قلت الأدب .. باين ساحرتك,0
كثري من الإستغفار وذكر الله والدعاء كثري على قد ماتقدري إن شاء الله تكونو في حفظ الله,0
احنا الأصل و الباقي تلاميذ فالفصل,0
كنت أعتقد أني حذق وصاحب نظره ثاقبه وأستطيع أميز المبدعين من اول نظرة لكن طلع ماعندي سالفه وطلع مبدعنا…,0
بكل مكان مو بس الاسواق,0
وش الهدف السياسي من تقبيل البابا أقدام زعماء جنوب السودان؟ وبعدين بعيد عن ديانته شكله مستفز وهو ينحني تحت رجولهم إن…,0
 الناس لا يتحدثون عن الأشياء كما هي، بل كما يريدونها  عبد الله القصيمي رحمه الله,0
طفش تعالو سولفو دي ام,0
اخت جارة لي بتقولي مبادرة الرئيس السيسي #حياة_كريمة ذهبوا لحد منزلها وسالوها مطلقة او زوجك متوفي قالتلهم زوجي متو…,0
طيب دام لحمك رخيص تخلين بريال,0
مني هانم صباح الفل والهنا,0
وجهك صباحه نور وجمال وخير,0
يا رب لك الحمد كما ينبغي لجلال وجهك وعظيم سلطانك — الحمدلله,0
اوك بعزف لك,0
يسعد صباحك ياارب,0
الله على الشفافية وعدم المجاملة,0
اللھم بگ أصبحنا و بگ أمسينا و بگ نحيا و بگ نموت و إليگ النشور اللھم بگ أصبحنا ف إجعل صباحنا مشرق…,0
ااه هاي زووق وبتسهل علينا الحياة كثير,0
خذ دقيقة من وقتك وقل سبحان الله والحمد لله ولا إله إلا الله والله أكبر ولآحول ولا قوة إلا بالله كن سببا في تذكير الكثيرين بذكر الله,0
لا تخبي داخلك شي ما تقدر عليه ، حاول إنك تحزن شوي و تسولف شوي,0
أنتي لي نبضا أنيقا مرهفا ملهما ،، وهم لا يشعرون,0
هاشتاق أداء بلاك بينك في كوتشيلا في المركز الرابع حول العالم - ابريل,0
على ضوء الصباح خذ من أذكارك حياة,0
يسعد صباحك ولاء,0
انصرنا يارب يااعاالي,0
محمد يوم يغني مذهلة بالرياض وعباس يوم يغني زاهية اكيد كانوا يقصدون الرياض بوقت المطر,0
بعشق رب حياة الفصاوة,0
شتقت لك .. معقول ماتشتاق لي السحب جنوب شرق #المدينة_المنورة عصر اليوم الخميس مافيه اجمل من المطر ,0
هذا المتابع حذف حسابي من عنده ربارح واكثر واحد مستغرب من تصرفه الغير مبرر وهو متابع من زماان,0
تنام فيحب أن تقوم تصلي بين يديه ، فيرسل ريحا هادئة تحرك نافذتك ، أو طفلا من أسرتك يمر ويحدث ضوضاء بجوار غرفتك,0
الاتحاد_النصر يارب فوز اتحادي اللهم انه لا يعجزك شي فاكتب للاتحاد فوز ي رب,0
اختلافي مع الأخ كان واضح وفي نقطه معينه ،واشارتي للتنوع كذلك واضح ولا يمكن أن أقبل ما تم تفسيرها به,0
ماقصرتوا يعطيكم العافيه واقولكم ودنا نعطيكم العربيه بس اخاف ماتبيضون الوجه قدام العربان,0
"إن #الاكتئاب هو أبغض تجربة مررتُ بها على الإطلاق، إنه انعدام تصور الشعور بالسعادة مرة أخرى، وأيضا غياب الأمل كُلياً ، إنه الشعور بالموت، إنه مُختلف تمامًا عن الشعور بالحُزن.""   ",1
بالوقت اللي المفروض اكون فيه بقمة سعادتي .. ألقى نفسي بس اطالع بعيوني يمين ويسار و اضحك جذب مو من قلبي,1
من أقوي أسباب #الاكتئاب،إنك تنام و مفيش حاجة تصحي علشانها. ,1
يبدو أن #الاكتئاب لامفر منه.,1
يارب هون علي ثقل وألم الأقدار والأيام,1
"اقسى انواع الصبر .. قدرتك على الاستمرار في الحالة التي ""لا تريدها""",1
"لم تعد هناك رهبةٌ وخوف منك يا موت إنني أتألم كل يوم كم اتمنى ان أنتهي مع إنتهاء هذا اليوم كم أتمنى أن انام ولا أستيقظ ابدًا بحثت كَثيرًا عن مخرجٍ من هذا العالَم فلَم أجد سوا الموت 
أريد نَفي نفسي للأبد",1
ياربي متى بتعافى من #الاكتئاب,1
كل شيء يسير بعكس ما كنت أحلم.,1
لقد قتلني همي في هذه الحياه ، لقد سقطت في بئر بلا قاع ، احترقت من شده التفكير ، تشوه عقلي ، وغرقت عيني من ذرفها ، وانقطعت شفاهي من شده الندم ، ونكسرت عظامي من شده الحمل، لم اعد اهتم ان اتتني المنيه ، لايوجد شيء لاخسره ، لقد خسرت نفسي بالفعل .,1
"""#الاكتئاب ليس مزحة، فقد ترى شخصًا يبتسم، ولكنهُ من الداخل، روحٌ ميته.""",1
"جالسه اتذكر أسوا ايام حياتي , جرحت نفسي بالموس للحين في الأثر بيدي , الايام الصعبه اللي مريت فيهن , النفسيه التعبانه بحالها شيء ما لا يطاق , وعااااانيت من اشياء كثثيييره",1
"من امنياتي 2019 اكون من ضمن "" قائمه المنتحرين""",1
خلاص تعبت من التفكير ومن كل حاجه .. ,1
حتى صوتي تغير من الحزن، ونفسيتي تعبانه جدًا😔.. دائما بشهر ١١ بنهايته ع اول شهر ١٢ بتعب مممرررررااا.,1
ياربي انا مدري وين القاها من نفسيتي الخايسه ولا من تخصصي ولا من الطبيب,1
جد المرض النفسي متعب جدًا يخليك تتمنى الموت,1
لا أحد يهتم...,1
"انا مُتعبه يالله ، مُتعبه من كوني وحيده، فـِ الطريق كـ عصفور ف المطر ، تعبت من عدم وجود رفيق أكون معهُ ليُخبرني إلي اين نذهب ومن اين نأتي ولماذا ، فـِ الغالب تعبت من البشر وكونهم قبيحون مع بعضهم ،تعبت من كل الالام التي اشعر بها وأسمع عنها ف العالم""",1
يا ربيه متى اموت وارتاح.,1
احسد الموتى ارتاحوا من الدنيا وراحوا لارحم الراحمين بدال هالدنيا العذاب.,1
يارب عجل بيومي,1
المكتئب يدرك جيداً انه لا خلاص من الاكتئاب وان الوسيلة الوحيدة هي الموت.,1
من هي سارة، ليش عايشة، ليش قلقة، ليش التفكير مايوقف، ليش الموت ماياخد روحي فجأة وارتاح من ذا العذاب.,1
من أسوء الأمور التي تواجه الشخص المكتئب انه غير قادر على إخبار الاخرين  من أين يأتي الألم، وهذه مسألة صعبة بالتأكيد وفى غاية القسوة,1
لا أستطيع تخليص نفسي من الشعور بأنني لستُ في المكان المُناسب,1
الذكريات تجري في مجرى دمي،لا يمكنني النسيان فأنا لا أنسى شيئاً،اتمنى لو انني استطيع نسيان كل ما حصل لي الان وفي الماضي،اريد أن امحي ذاكرتي أو أبدلها بذاكره بيضاء لا يوجد لاماضي ولا حاضر لا يوجد شيئ فارغه تماماً,1
"نحن لا نريد التخلص من أنفسنا او الانتحار، بل نريد التخلص من "" المشاعر والذكريات التي بداخلنا؛ أشياء بداخلي ""غير مفهومه ومزعجه ""لا تجعلنا بخير وقد يتطور الأمر ويجعلك تفكر بالانتحار أو ان تلبس قناع جديد أو ان تفعل اشياء تجدُها غريبة ولكنها الحل المناسب لك في هذا العالم #الاكتئاب",1
كُلنا لديه مشاكل ، احزان ، هموم ، ولكنها تختلف بالقساوةِ من شخص لأخر ، اما بالنسبه لي تعرضت بما فيه الكفايه ولكن هي لا تشعر بأنها أعطتني الشيء الكافي. #الاكتئاب,1
لم يرهقني شيء كما فعلت أفكاري..,1
تعبت اكذبّ على نفسي واقول انها فترة وتعدي هالفترة هدت حيلي وجداً.,1
الشخص المكتئب لن يعالج نفسه بنفسه ولا يستطيع التخلص من الإكتئاب بمفرده فـ حاولوا تساعدون أي شخص يطلب منكم المساعدة لأنه في هذي الحالة مثل الغريق الذي لايعرف السباحة .#الاكتئاب ,1
وفي آلساعه المتأخرة من الليل حين ينطفئ نور غرفتك وتبقى وحيداً تحدّق في المجهول وفي خلال دقائق تكون قد وقعت في فخ عقلك وجعلت من نفسك ضحيه لأفكارك السوداء تتذكر كل ما مررت به من هزائم وكل ما تسبب في إحباطك لهذا الحد وتظل تفكر لوحدك لساعات وأخيراً تدرك الحقيقة المطلقة في هذا الأمر..,1
مش مقتنعه انو فيه ايام حلوه جايه حاسه انو الايام الحلوه صارت بالماضي وخلاص.,1
"ليس هناك مرض يقتل جسدك اكثر من ""الحزن والتفكير الزائد """,1
لستُ بخير ياصديقي لقد فشلت كل محاولاتي ، أنا أتألم من جديد.,1
مُصابه بالأرق ، لا أستطيع النوم فأنا لا اتوقف عن التفكير ، رغم هدوئي إلا اني مزّعج من الداخل ، كم هو مضحك انني اعلنت السلام لهم وأقمت الحرب داخلي فقط كي لا ينزعج غيري ، انا لا اقاتل الا نفسي فلا زلت في انتظار اللآ شيء ان يأتي.,1
لم ابحث عن الكآبة يوماً ، ولكن الإفراط بالأمل هو من ألقى بي إلى تلك الزاوية المظلمه ...,1
أتمنى أن يرتاح عقلي من كل الأفكـار السيئة والمعقدة التي أُجبرت على أن أتعايش معها، أتمنى أن ينشرح صدري من كل الضيق الذي بداخله، أتمنى أن لا يظهر تعبي وإرهـاقي على ملامح وجهي، أو يُظلل التعب تحت عينيّ، أتمنى أن أنام الليل دون أن أبكي لأني عاجز عن حل مشاكلي. فمتى تتحق أمنياتي؟,1
أنا مُتعب جدًا يا صديقي، ومُثقل بالأفكار والذكريات، وكأني أحمل هم الكون كُله فوق قلبي، بداخلي ضجيج لا أجيد ترجمته في الكلمات، وهذا أيضًا يؤلمني كثيرًا، أشعر برغبة عارمة في الصمت، وأفتقد القدرة على الحديث.,1
الحقيقة؛ لا شَيْء يدوم إلى الأبد! لن تتوقف الحياة إن كُنت بِلا أصدقاء و ستستمر حتّى بدونك، الوحدة ليست مُثيرة للشفقة، أنت وُلدت وحيد و ستموت وحيد، الأحزان ستتوسط روحك بين الأحباب و لن تدوم السعادة بالقرب منهم، العالم قبيح جدًا أيضًا، و هُنالك سقوط لن يُحرك قدميك لتنهض.,1
قيمة الوحدة تتوقف على ما إذا كان الفرد يستطيع العثور على العزلة الداخلية,1
انا مُتعبه يالله ، مُتعبه من كوني وحيده، فـِ الطريق كـ عصفور ف المطر ، تعبت من عدم وجود رفيق أكون معهُ ليُخبرني إلي اين نذهب ومن اين نأتي ولماذا ، فـِ الغالب تعبت من البشر وكونهم قبيحون مع بعضهم ،تعبت من كل الالام التي اشعر بها وأسمع عنها ف العالم,1
حياتي ليست جيده كما تظن .. أنا املك الجنون والحماقة ، املك الحظ العاثر ، املك كل شيء يمكن ان يقود المرء للإنتحار بأبشع الطرق.,1
أمضي من فشل لآخر، لا أنام بشكل كاف، وأحياناً أمر بفترات من اليَأس العظيم. أنا أقتل الوقت، أذهب للعشاء مع مجموعة من الناس، فقط لأجد نفسي أشعر بوحدة أكبر بعدها، لكن على الأقل أكون قَد هربت من المنزل، ومن نفسي لبضع ساعات. أحاول أن اكافِح..,1
، لكن أحياناً يصّعب جدًا علي أن أستمر ، وسبق ان تحطمت مرارًا وتكرارًا..,1
أتعلم ياعزيزي أصبحت كسولاً جداً لا أبالي لشيء، ليأتي من يأتي وليرحل من يرحل،لاشيء سيدوم، حتى تلگ الامنيية لا تتحقق وكأنني ارسلها لرقم خاطىء أنا محطم وسيء من الداخل لا شييء يحدث كما أريده، لا شيء يبقيني على متن الحياه،خيباتي متتالية وارتطامي بالقاع وتبعثري وهشاشة قوتي,1
بكيت على حالتي الميؤوس منها، على معاناتي التي ليس لها علاج، وعلى قسوة الناس ووحدتي.,1
ﻣﻦ ﺍﻟﻤﺆﺳﻒ ﺃﻧّﻪ ﻟﻢ ﻳﻌﺪ ﻫﻨﺎﻙ ﺷﺨﺼًﺎ ﻧﺬﻫﺐ ﺇﻟﻴﻪ ﻋﻨﺪﻣﺎ ﻻ ﻧﻌﻮﺩ ﻧﻌﺮﻑ ﺇﻟﻰ ﺃﻳﻦ ﻧﺘﻮّﺟﻪ لا أحد سيعرف إلى أي مدى أنت تتعب،فظاهرك منظم وتفاصيلك الهادئة لاتشير بمقدار التعب الذي تضمره ، ولأنك تبتسم كثيراً لن يشعر بك أحد,1
ماشفت مثل قوتي بخفي اكتئابي وحزني واواسي الناس على #الاكتئاب الي فيهم وانا بتفرج ماحدا حولي ولا بيسأل عني حيه ميته,1
متعبة يالله وكأن السماء بثقلها انطبقت على صدري امسح على قلبيّ، حين ابكي، حين احزن اجعلنِي قوية بك يالله,1
حتى حُزني لم يكن حُزنًا بالطريقة المعتادة ، لم أبحث عن كتف لأبكي عليه ولا أذن لتسمعني ، كنت أتوسل للعالم أن يتركني وشأني فحّسب، ولكنني غارق، وأعلم بإنني استهلكت مفردة الغرق حتى أن النجاة بدأت تسلُك طريقها نحوي برجاءٍ من الغرق ذاته,1
أصبحت خاوياً يا الله، خاوياً حتى أصبح الطفوّ يرفضني، كأن كل الثقوب التي سددتها فيّ أُعيد ثقبها.. لمَ لا ينصفني هذا الموج العاتيّ الرقيق في آن؟ لمَ لا استدلّ بنجمٍ أو بوصلة روح لمنارة الحياة؟ لمَ كان هذا العتيم طويلًا كليالي الشتاء,1
"حرفيًا,يوميًا بصحى على حزن واكتئاب شديد وضيقه صدر,المشكله انا فتاةصامته يعني بفكر بالانتحار وطرقها وبآخر لحظه أوقف,كل سألني الطبيب كيفك يا مواهب؟بخير الحمدلله وانا مش بخير ابدًا كل الحياةفوق راسي من دراسه من هم واكتئاب ومن الحلم اللي ماتحقق الى الان وغيره,مدري متى بضل على هالحال",1
عندما يصيبنا التعب ، تعود الأفكار التي هزمناها منذ وقت طويل للهجوم علينا مجددًا.,1
نم كثيرًا،  عشر ساعات، خمسة عشر ساعة، نم بأكثر مايمكنك نومه، أمامك يوم طويل كئيب وحيد بائس، مليء بكل ماقد يصيبك بالندم لكونك استيقظت,1
بينما انا لا اظهر شيئاً مما بي، انت تظنني لا اشعر، بينما انا احتضر بلا صوت وبلا شعور انت تظنني الهو، فقد اهلكتني الحياة، من فرط التفكير اصبح عقلي في فوضى عارمه، ومن فرط البكاء جفت الدموع ، ومن فرط الوحدة اصبح الصمت هو صديقي الوحيد,1
"قد يصيبك شيء أعمق من #الاكتئاب شعور لا تعرف ماهو همّه و ما نهايته فقط تصارع تصارع تصارع تصارع و لا تدري متى لحظة الشفاء و لكن بِك صوت آخر يردد لك دومًا كي لا تستسلم، أنت تستطيع، ستتخطى، ستعود كما كُنت أو ربما أفضل مما كُنت فقط تحلَّ بالصبر""!",1
و تشعر من فرط الحزن انك تريد البكاء و لا تبكي، تريد ان تشرح لأحدهم مدي حزنك و اكتئابك لكنك تصمت، لا ترغب في الوحده لكنك تأذيت من اقرب الناس إليك، تشعر بأنك تُريد الهروب من نَفسك و من افكارك و ذكرياتك، تشعر بقلبك الذي ينبض حزنًا و وجعًا لكنك لا تعلم كيف تعالجه.#الاكتئاب,1
داخلي حُطام وهدوء مدينة مهجورة بعد حربٍ طاحنة لا يتحرك فيها سوى رماد النيران ودُخان الإنفجارات،داخلي لا يبدو كخارجي مطلقاً.,1
ليس هناك شيء مثير للكتابة عن #الاكتئاب  سوى انني هُلكت وفي كل يوم يزداد تعبي اشعر بالعدم وكاني لم اعد قادر على تحمل ما يحصل مرضت وفي كل يوم تسوء حالتي مؤلم التعب ومهلك ان تتعب فوق تعبك وتشعر بعدم قدرتك على التنفس,1
كأنك ميت تحاول النجاة من الحياة بموتك وانت تخرج من قبرك وانت لازلت تحول التكتم..,1
شو الحل مع #الاكتئاب الشديد ؟ تعبني والله كثيييير .,1
لم يلاحظ احدًا ممن حولي أني بدأت أشعر بالوهن وعدم القدرة على النهوض ومواجهة كل هذه الأيام، لِمَ لا يلاحظ احدًا أني بدأت انتهي من الداخل بالفعل,1
"حرفيًا افكاري مسيطره علي "" تجبرني بفكر بالانتحار.",1
أُريد أن يتوقف كُل هذا القلق، أن يعود عقلي هأدئ كَما كان,1
مهما حاولت مُجتازً #اكتئابك و #حزنك تقع في لحظة تفكير تصيبك بالاحباط في انك مهما حاولت صانعً لن تتقدم خطوة اصبحت الحياة مُملة لان يومك يتكرر في كل يوم ليس هنالك مخرج لهذه الحياة في كل مرة تحاول التحرك تشعر بسلاسل ملتفه حول عنقك #الاكتئاب,1
لست بخير يا الله، إنه لأمرٌ مرهق أن يبدو كل شيء على ما يرام، بينما يتفتت قلبي من #الاكتئاب والحزن ، لست بخير، فلم يعُد بوسعي المعاتبة والافصاح عن حزني وقلقي.. وهذا يقتلني.,1
لا أريد إلا شيئًا واحدًا يارب، شيئًا لا يُعجزك، أُريد الأمان في داخلي، الأمان فقط يا إلهي، الأمان من الحُزن، والخذلان، ووحشة الوحدة والشك، الأمان من العثرات التي استهلكت عمري، الأمان من نفسي، فنفسي هذه هي أكثر ما أخشاه,1
أنت لا تفهم ، هذا المكان لم يعد مناسبا لي، فكرة الانتحار تراودني كل ليلة، الاكتئاب يدمرني، أنا أنهار ببطء ولا يد لي في ذلك. #الاكتئاب #اكتئاب,1
 #الاكتئاب يستوطن قلبي.. -لطفك يارب,1
لا أستطيع أن أعبر لك عن مدى إرهاقي.. ليس إرهاقًا يمكنني علاجه بالنوم في ليلة هادئة، ولكنه الإرهاق الذي أقصده صار جزءًا مني، يشبه الصبغة التي تتسرب إلى كل ما أفعله، وكل ما أقوله، أشعر أنني مرخيّ الأوتار، لم تعد هناك قوة شد.. لقد ارتخى وتر القوس الذي اعتاد أن يكون مشدودًا.,1
تشعر بالخوف إذا بقيت وحيدًا؟ لأنك ببساطة تواجه نفسك كما أنت عليه، تكتشف أنك فارغ، موهن، بليد،كيان لا معنى له، ومن دون أصالة حقيقية.,1
"أتلاشى بروحٍ سوداوية ظلماء, أختنق محاوِلٌ ابتلاع كل تلك الظلمة بداخلي لكي لاتفيض, لكن مانفع المقاومةِ بينما قد تمزقت بالفعل, ولو انفجر عقلي لفاض العالم بسواد أفكاري, وها أنا أسقط في مياة سوداويه لامتناهية, كجثة تم قتلها بالظلام الأسود.",1
هل تعي معنى ان تكتم افكارك في رأسك و الحديث و تجعله يحترق و يتطاير بداخلك و ان تتحدث بشكل مغاير و بعيد كل البعد. هل تعي فعلا ان تبمي و عيناك جافتان و ان تعطي غيرك طاقة ايجابية بينما داخلك مهشم و محبط كليا.,1
ﻣﻦ ﺍﻟﻤﺆﺳﻒ ﺃﻧّﻪ ﻟﻢ ﻳﻌﺪ ﻫﻨﺎﻙ ﺷﺨﺼًﺎ ﻧﺬﻫﺐ ﺇﻟﻴﻪ ﻋﻨﺪﻣﺎ ﻻ ﻧﻌﻮﺩ ﻧﻌﺮﻑ ﺇﻟﻰ ﺃﻳﻦ ﻧﺘﻮّﺟﻪ لا أحد سيعرف إلى أي مدى أنت تتعب،فظاهرك منظم وتفاصيلك الهادئة لاتشير بمقدار التعب الذي تضمره ، ولأنك تبتسم كثيراً لن يشعر بك أحد,1
لست بخير، أفكر كثيراً وأسرح كثيراً، ذبلت عيناي، وتألم قلبي، أظهر لهم أنني بخير ولكنني العكس، يقتلني التناقض جداً، كلما زاد ألمي لجأت للنوم، وكلما سألوني مابك يبقى عذري الدائم لاشيء,1
كانت ليله مؤلمه كانت مخيفه جدًا، كنت وحيدًا ولا أحد يدرك ما اشعر به كُنت أبكي كأنني طفل تُرك وحيدًا في مكان مُظلم وموحش ، حينها احسست تمامًا بالفراغ الكامن بداخلي وتلك الأطياف الباقيه في مخليتي واللحظات الراحله.,1
لا أُريد شيئًا سوى أن تمسح الملائكة على قلبي ورأسي ثم أنام، دون تفكير، دون خوف دون أرق، دون قلقٍ وتعب، فقط أريد أنام وأستيقظ وإذا بهذه الفترة قد انقضت وقد أصبحتُ شخصًا آخر، شخصًا لطالما تمنيت أن أكونه,1
مشكلة #الاكتئاب أنه مرض مخادع .. يجعلك ترى السعادة سطحية والحزن عمق,1
يالله اتوسل اليك ان تمنحني القوه لمواجهة هذه الحياة المريره.. تعدت حدودها و ازدادت طغيانا وجبروت..,1
إلى متى وأنا بعاني من #الاكتئاب ؟؟؟!! تعبت وربي,1
تصل لليأس الذي يجعلك تشعر بأنه لم يعد من المهم أن يتغير حالك للأحسن,1
تلاشت‌ منّي‌ جميع ‌ألكلمات ‌وأنا اُحاول‌ كتابة جملة ‌واحدة تُعبر عن ‌سوء مااشعُر به,1
لا أحد من الناس سيعرف إلى أي مدى أنت تتعب فظاهرك منظم وتفاصيلك الهادئة لا تشي بمقدار التعب الذي تضمره، ولأنك تبتسم كثيرا لن يشعر بك أحد,1
الى من يعيش في اوهام الامل ستنطفئ الرغبة ذات يوم,1
الأمل مجرد أطاله للحياة الكئيبه .,1
الامل  خدعة يتجرعها من ينتظر,1
حياة خالية فارغة سوداء، ووحدة قاتلة، ولغة الصمت تسود المكان، والألم جاثم على أنقاض الفؤاد، حتى الجسد أحسّ بالغربة ومرارة العيش، الوحدة تقتلني، والوجع يسكنني #اكتئاب أرهقني ، وذكريات الماضي تشغلني، وأشعر أن همومي ستخنقني وأحزاني ستغرقني، تعبت ..,1
"أنا بخير , أحتاج فقط من حين لأخر أن أنعزل و أبكي كثيراً , أحتاج أن اتنازل عن قناع القوة الذي ارتديه .. أنا بخير و لكني أحتاج احياناً أن أعبر عن كوني لست بخير، أعودُ نهاية اليوم الى غُرفتي الحزينة الكئيبة مُلقياً على سريري بتعبُ اليوم و أحزانِه",1
أقضي الوقت في الصمت ،أصبُ غضبي على نفسي ،أفكر في كل شيء وفي ال لآ شيئ، أستمِعُ للموسيقي و أغرقُ بِهَا .,1
أعيش حالات مضطربة ومتقلبة هذه الأيام،لا أستطيع تحديد ما إذا كان الغد سيصبح جيدًا أم سأعيش يومًا آخر من اللاشيء، أجد نفسي ضاحكًا وسط ضغوطات كثيرة أمر بها،وعندما أشعر بأن الأمور حولي مستقرة إلى حد ما أتحول لكائن مُتشائم وكئيب، أتحدث للكثير وأشعر بالوحدة في نفس الوقت,1
وعندما أكون وحيدًا حقًا أشعر بأني لا أكترث لمن حولي، لا أكترث لأهميتي عند الجميع ،أجد نفسي جالسًا في رُكن هادئ من أركان هذا العالم الذي لا يكترث لوجودي، أترك الطريق مفتوحًا لأي سند أو رفيق ،أعلم جيدًا بأنني لن أصمد طويلاً بهذا الشكل،ولكن لا أحد يأتي،,1
لا أحد يستطيع الوصول إلى هذا الطريق الذي قطعته بإرادتي وأنا أعلم بأنه لا عودة لي منه،صديقي يجدني مذنبًا في تلك الحالات التي أعيشها،يعتقد أنني خائف من أن أقترب ممن حولي،في الواقع أنا خائف حقًا من الفقد أكثر من الإقتراب،الأمر لا يستحق محاولة أخرى،,1
أن تهرب إلى النوم من تلك الأفكار المُزعجة وتستيقظ بعد ساعه لتجد أن الشعور تضاعف إلى درجةٍ كبيرة، أن تنام في اليوم ثلاثِ أو أربع مرات هروباً من ذلك الشعور المُثقل، أن تهرب من شوقك، والناس، واليأس، و #الاكتئاب ، لتكتشف بعد ذلك أن لاشيء على الإطلاق يخفف من هذا,1
متعبه واتألم يا الله و هذا الشعور بشع جدًا,1
القلق يُطاردني، الكوابيس لا تمل من مجيئها كل ليلةٍ زيارةً لي، وهذا الحُزن يفتت قلبي كل يوم.,1
لا شيء يؤلم أكثر من تلك الأحزان التي تأتي دفعةً واحدة وبلا سبب، أن تشعر أنك مُثقل ولم تعد كالسابق، أن لا تستطيع التفوه بكلمة وأن تختار الصمت بدلاً عن ذلك أن تتلاشى رغبتك بالقراءة والنوم والحياة أن تشعر بالوحدة طوال الوقت بالرغم من الازدحام الذي حولك,1
كنت أتمنى أن تنتهي اللحظة السيئة على النوم او على الإستلقاء،كنت أتمنى دائماً أن تسقط مني جميع الافكار الشاحبة مع كُل غفوة.,1
اوقات تريد ان تصرخ بأعلى صوتك تريد تخفف عن انكسارات حصلت بقلبك تريد ان تبتعد عن العالم الكئيب الذي امتلئ بالالم والاشياء المؤلمه كي لا تتألم كثيراً كي تنزع شيء قليل من الاشياء التي مزقت قلبك تريد ان تقلل من صراعات قلبك التي حاربها منذ سنوات عديدة.,1
#الاكتئاب مرض فتاك ، المريض المصاب بغير #الاكتئاب لديه أمل بالشفاء عكس مريض #الاكتئاب الذي يتمنى الموت لذلك ينتحر.,1
"أحببت الوحده أحببت #الاكتئاب فهم أصدقائي مهما فعلت ومهما تأذيت لن يؤذوني, يجعلوني أبتعد عن كل شيء يتعبني ويجلب لي الإرهاق والألم, كم أتمنى لو انهم اشخاص استطيع الحديث معهم والوثوق بهم.",1
هدوء،تعب، ارهاق، وعيون ناعسه ومزاجاً لا ادري ماذا يريد وقليل من الصداع والكثير من التفكير، لقد اعتدت على بقائي وحيداً كلما تألمت، لقد احسست بصوتي وهو  متعب هل تفهم كيف يكون الشعور،متعب  فقط تشعر بالعتمه في صدرك،هل تفهم كيف يكون المرء منطفئ،هل جربت شعور ان تكون متعب بلا أسباب !؟,1
فقط متعب ولا تستطيع شرح تلك الكلمات سوى بالصمت الطويل والتحديق في اللا شيء ،ولا كلام يقال ليُرحيك ،فقط كل ما توده أن تمر غيمة الحزن تلك على صدرك بسلام ،لا شيء غير ذلك.,1
تشعر بشكل مستمر بأنك عالق في مكانٍ ما، ما هو؟ لا تعلم! أين هو؟ لا تعلم! كل الذي تعرفه هو أنك لا تنتمي إليه، أنك لا تريده، وأنك مختنق جداً.. تلوح فلا يراك أحد، تستغيث فلا يسمعك أحد.. تصرخ عالياً فلا يهتز الكون لصوتك، ولا تصبح قضية رأي عام.,1
اكثر ما يذيب القلب عند الحزن ، ان  تكون مضطراً لأداء مهماتك في العيش وكأنه لم يحدث شيء ، في حين انك تود التوقف عن الحياة تماماً.,1
بقيت وحيدًا في حزني وألمي وكل شيء عانيته مع نفسي ، فـ لهذا لا أحد يستطيع أن يبني سعادتي ، بت وحيدًا ومنعزل دائمًا حتى وإن خالطت الناس ، لم أشعر لمرة واحدة أني كنت معهم بشكل كامل وحقيقي.,1
الحزن يفتت قلبي.,1
"أنني أصارع نفسي، لإخماد هذا #الاكتئاب.""",1
#الاكتئاب يغير الملامح ، يغير نظره العيون ، يغير شكلك ، الاكتئاب يطفيك تماماً.,1
من أين لك الجرأة إنك تلوم شخص على اكتئابه وكأنه كان باختياره ؟ تقدر تتجنب الجلوس معاه وترجع لقوقعتك الوردية بدون ما تلومه ،الإيجابية المزيفة خلتنا ننكر الحزن ونمنع أنفسنا والناس من عيش أحزاننا بجميع تفاصيلها. #الاكتئاب,1
قد بات قلقي يزداد ، لم اعلم ان #الاكتئاب قد يزورني يوماً وينهش صدري بهذا السوء ، اصبحتُ. ارى العالم بلا ألوان ، وأصبح مذاق الطعام بلا نكهه ، لا أستطيع الاهتمام في حياتي ولو قليلاً ، اصبح الفراغ هو من يكتسي تفكيري ، قد لا أستطيع النجاة من هذا الأمر لأنني اشعر وكأنني غارق في الوحل,1
انا مصدومه حاليا.. قد ايش حياتي تدهورت للاسوء,1
تولد الأفكار الانتحارية من رحم اليأس فالإنسان المكتئب في حرب متعبة ومنهكة للروح والجسد. واليأس ليس بكفر بل لا يأتي الفرج إلا بعد يأس  (حتى إذا استيأس الرسل وظنوا أنهم قد كذبوا جاءهم نصرنا) حتى رسل الله استيأسوا فمن نحن حتى لا نيأس قليلاً؟ لا تحزن من شعورك باليأس ولا تستلم له,1
دُخلت في حالة إكتئاب شديدة جداً جداً،لم أعد أرى الدُنيا بنظرة إيجابية،لم أعد احب الخُروج والإختلاط،لا أحب رُؤيه الضوء فأنه يُزعجبني كثيراً،لقت أكتفيت بزاوية في غرفتِي لأعيش بها طيلة حياتي. ,1
"كنت دائمًا ما اسأل نفسي كيف يمكن لأحدهم قتل نفسه؟ كيف يقدم أحدٌ على فعلٍ كهذا؟ والآن -و ياللأسف والسخرية- عرفت لماذا، فبشكلٍ ما ليس هم من يفعلها، هو شيءٌ في داخلهم في مرحلةٍ ما يحاول إيذائهم، و لا يدع لهم سوى خيارين، واحد: أن يقتلهم، إثنان: أن يقتلونه دفاعًا عن النفس""",1
"الكثير,من الندم يعيش بداخلي,كل يوم اندم,اكثر و اكثر,لدي احساس فضيع,و الأحساس شائع,وانا اميل الى الضرر بكل ما أتي به,على الرغم من انني احاول افضل,ما لدي لكي اكون,لطيفاً,أشعر,انني اضع اللطف,و الاحترام,في كل الاماكن ""الخاطئة"". .",1
- لم تعد الأفلام والمسلسلات مهرب، ولا الأغاني والموسيقى ملجأ، ولا الحديث علاج، ولا العائلة احتواء، ولا الأصحاب حائط اتكئ عليه، لم تعد الكتب تغذية لعقلي، ولا النوم راحة لجسدي، ظلام الليل يستمر حتى في الصباح، المشاعر متقلبة والروتين متكرر وعقارب الساعة مُنهكة، الحياة لم تعد تعمل.,1
بقيت وحيدًا في حزني وألمي وكل شيء عانيته مع نفسي ، فـ لهذا لا أحد يستطيع أن يبني سعادتي ، بت وحيدًا ومنعزل دائمًا حتى وإن خالطت الناس ، لم أشعر لمرة واحدة أني كنت معهم بشكل كامل وحقيقي.,1
أنا بخير ،بخير جداً رغم الواقع، بخير من الداخل رغماً عن السواد العارم والضجيج المزعج، انا بخير بشكل غريب.,1
أمر صعب أن ترغب بالموت في كل ليلة، أحتاج للقوة لأواجه أفكار الانتحار التي تهلكني كل يوم.,1
"أحداث غامضة تلك الأحداث حطمتني كسرتني مزقتني أرباً أرباً,لقد تهشم عقلي وإنفطر قلبي,الأكتئاب قد أكل جسدي طيلة هذة الأعوام,الى أن تفتفت صدري وأصبحت حفرة مظلمة لا أرى ولا أسمع",1
أبكي من العزلة ومن الحياة، من الكتف الذي لن أستطيع امتلاكه أبدًا، الأشياء التي حلمت بها، وتلك التي فكرت بها، وما تم نسيانه بداخلي.,1
أريد أن أستريح أن أتوقف عن القتال أن أتوقف عن محاربه كل مايحدث بداخلي حتى لا يظهر أريد أن يأخذ كل هذا حقه أريد إخراجه أنا متعب للحد الذي لا أستطيع التنفس فيه بأريحيه.,1
إنني في طريقٍ طويل وإنها ليست المرة الأولى التي أتوسّل بها إلى الرب ليقتلني ليخلق حادثًا من العدم ويُميتني ولكن إنها المرة الأولى التي لا أبالي بها في أحد لا نفسِي المقيدة لا المقبرة التي تسمى حياتي لا أحد أنا متهيئة للموت.,1
"مايُؤسفني هو بأن القلق الذي يجتاحُني لايُغادرني مُطلقاً فهو يُلازمني من صحوتِي إلى وقت نومي,وبعد أنّ أغفُو يُوقظنِي.",1
ولا أُخفي عليك سرًا يا صديقي ، الوضع سيء للغاية وطاقة التحمل أوشكت على الانتهاء ، ما زلتُ صامدًا لكني أسرفتُ كثيرًا في الكتمان والتظاهر ، حَولي ثابتٌ لا يتغير وأنا الذي أتغيّر و أنطفئ أكثر وأُستهلك ، التعب يزيد ولست ثابتًا يا صديقي، إنّي أميل.,1
مُحاولة نوم بائسة يُسيطر عليها الأرق.,1
غرفة مظلمة،تحتضن روح متعبة.!,1
مشاعري فى هذه اللحظةِ حقاً يُرثى لها حيثُ إننى اُعانى من اكتئاب شديد يتعمقُ فى روحى كما لو لم أشعُر من قبل.,1
"اكره شعور,اللي ودك تبتعد عن الكل وبنفس الوقت محتاج احد معك.",1
شعور مؤلم ان تنام كل ليلة وفي عيناك حزن لا يراه احد وفي صدرك كلام لايسمعه احد.,1
كان من المفترض أن يكون الحِلم هرباً من الواقع ولكنني أيضاً في حُلمي كنت أغرق.,1
أنا حقاً لا أعرف ماذا تعني احبك ، إعتقد انها تعني ، لا تتركني هُنا وحيدًا.,1
لاأعلم حقاً ما حدث،أصبحت اكثر عُزله من السابق اكثر شروداً وباتت أحلامي مرهقه وما زلت اتسائل هل هي بداية لمرحلة جديدة أو نهاية لكل شي؟.,1
ليست المرة الأولى التي أكتب فيها وأمسح، هكذا تبدأ الليالي بقدرٍ عالٍ من التردد والقلق.,1
هناك أيام تمر بك لا أنت سعيد ولا حتى حزين، أيام فارغة من الشعور بشتى أنواعه، تقضيها هكذا لا تنتطر شيء سِوى أن يقترب وقت نومك حتى ينتهي.,1
ثم أنها المرة الثانية منذ وقت طويل ، بكيت حُزناً على نفسي ، على وجود اللاشيء حولي ، بكيت بالأصح على اللّاشعور وعلى نفاذ الحيلة من يدي .,1
إني أُقاوم كُل الأشِياء السيئة حتى أُعيدني لنفسِ تلك البهجة من جديد بمُفردي.,1
ما أشعُر به الآن هو أنني باهت جِدًّا ولم أعُد أؤمن بمُحاولات الاسترجاع، إنني مُوقن يقينًا تامًا أنّ هُناك شيئًا في قلبي قد انطفَأ للأبد.,1
انا انسان تحمّلت اشياء فوق عُمري بكثير من الخيبات والصدمات ، صرت ميت بجسد حيّ ، الله يجبُر بخاطري.,1
لست أبكي لأني ضعيف ، لربما عجزت عن التغلب على كل شيء ، ولربما أتوجع لأن كل شيء لن يتغير مهما حدث.,1
الهم والوجع صار كبير وكثير بقلبي.,1
تحت مُحاولة إخراس الشعور بِقدر الإمّكان.,1
مثل أن تستيقظ فالثالثة فجرًا لتخبر أحدًا بأنك لست على مايرام، لكنك لا تجد من تخبره,1
فقط تشعر بإنك هزيل القلب لَم يَعُد بـ إمكانك مُقاومة حُزنك مره أخري,1
فجأه تحول شعوري من اللهفه الي العادي ثم إلى اللاشئ,1
نومي مُضطرب لا أحب شيئاً كما في السابق ولا شيء يحدث فارقاً معي هناك فراغ عظيم يسحبني إلى أعماقه أريد أن أرتاح لم أعد أحتمل ولا أُحتمل,1
حتى حُزني لم يكن حزنًا بالطريقة المعتادة ، لم أبحث عن كتف لأبكي عليه ولا أذن لتسمعني ، كنت أتوسل العالم أن يتركني وشأني فحّسب,1
مأساة هروب النوم ليلاً.,1
كل الشهور الي راحت والايام الي انا فيها دحين فيها ضغط وخسائر بشكل كبير ومو معقول بحياتي ، صرت خلاص ما همني ايش الي يصير خلاص جاني برود من كل شي .. احس باقي حته واختفي,1
على الرغم من كل شيء حلو الا اني احس بكم هائل من الطاقة السلبية,1
حتى صنع القهوة في الصباح الباكر صار صعبا جدا يا اخوان,1
وحتى اقفال المنبه في الصباح الباكر  امر شاقا ويستهلك الكثير من الطاقة مما يؤثر على الاداء اليومي .. مما يجعلني انعس في وسط الدوام ..,1
على الإنسان  أن يبقى مشغولاً للحد الذي يُلهيه عن تعاسته .,1
ليس لدي ما اعيش لأجله ،  لا اصدقاء  ، لا سعاده ، لا شئ ، فقط كل الاشياء تزداد سوءً مع الوقت اكتفيت الي هذا الحد عليّ المغادره ، الحياة ليست للجميع,1
اصبحت لا اريد الاقتراب من احد..او بالاحري لا أستطيع..اصبح الاقتراب بمثابه ترك روحي في الوحل,1
رغم انه يعتبر  تذكره عبور  الا ان الانتحار لن يحل أي مشكلة من مشاكلك.,1
الأسوأ في نهاية المطاف هو أن تموت وحيدًا، ممتلئًا بالازدراء,1
قد ينتهي الأمر بالمرء إلى اليأس مما في يده وليس فقط من الأشياء التي لن يحصل عليها أبدًا,1
"لقد كنت مكتئبا ف ذهبت لاشكو همي لاهل بيتي فاذا هم قائلون"" اذهب فلدينا هم اكبر من همك فلا تشغلنا بك ف انت جاحد للنعمه.لا تشكي همك لاحد كن لنفسك و رمرمها بنفسك ف لا احد يعلم م بها سواك",1
حياتي عزله واحزان أليمه ، ما وددتُ يوْمًا أنْ تنتهي حياتى بهذا الشكل المُفزِع، ولكنَّني يأست من التجاوز,1
مازلنا نتنفس ولكن ماتت في انفسنا الرغبه في الحياة,1
كنتُ أُؤمن بأنّني سأموت وستستمرّ الحياة، إلاّ أنّ الحياة ماتت وأنا لازلتُ أعيش,1
يضع الجميع ذنب اكتئابك على عاتقك وأن سببه أفكار توهم بها نفسك، ويرى المحيطين بك أن عزلتك ناتجة عن فقدانك لمهارات التواصل مع الآخرين، بينما الحقيقة أن واقعنا لا يطاق ونحيا حياة لا تناسبنا، ومجتمعنا عبارة من مجموعة من المعاتيه لا سبيل للتأقلم معهم ولا حل سوى اجتنابهم واعتزالهم,1
عندما تحيا حياة لا ترغبها تتلاشى الأمكنة القادرة على احتوائك، ينبذك الواقع وتلفظك جميع الجهات، تتطرف بانعزالك لعدم مقدرتك على التأقلم والتعايش مع محيطك، تحيا وحيدًا وسط الجموع، منعزلًا والكل حولك,1
أنا لا أملك في الدُّنيا إلا خيباتي,1
هذا العجز يُؤذي قلبي,1
"الوحدة، وانعدام تقدير الذات. أشعرُ بِهما في داخلي، يُشكِلان وجودًا فائِق السلبية. يُفتِتان كياني، يُمزقان طموحي، يُشتتان وجودي، بِنتيجة واحدة ودائمة، كأنها المصير المحتوم: هي ""اللاجدوى""!",1
الاِكتئاب ليسَ مُجرّد أفكار و مشاعر، هوَ شياطين، أشباح، خناجر، حرائق، ظلام، هاوية، بحر مُغرق، صاعق كهربائي، سجن، جحيم، عذاب، سلاسل حديديّة، سحر أسود، لعنة شيطانيّة، وأسياخ من نار تخترق الجسد.,1
وتمضي الايام ويمر العمر وتستنزف الصحة  ويصيبنا الاكتئاب والضجر والوحدة  وننتظر حتي يحين الاجل وتتعذب النفس قبل الموت علي ما صنعت في الدنيا ويضيق النفس وتصل الروح الي الحلقوم,1
الإكتئاب المَصحوب بالعُزلة أصبح رفاهية لا نمتلكها، الواحد الان صار  يكتئب وهوَّ شغال، وهو يسوق ، وهو بيضحَك مُجاملة.,1
الاكتئاب مرض مميت هو انك تعيش ميت على قيد الحياه فاقد القدره حتى على الحلم مواجهه الاكتئاب من غير دعم حد  يسندك و يستحملك هو الجحيم بعينه,1
الاكتئاب مرض مذل ، مرض بينهش يوميا في روحك بيخليك بني ادم فاضي من اي مشاعر لا تعرف تحب ولا تعرف تكره ولا عارف حتى تعيش  اغلب الناس فاهمين الاكتئاب غلط فاهمين ان المكتئب على طول زعلان، المفاجأة ان المكتئب بيضحك بس ليس سعيد و المكتأب مايعرف  يزعل,1
يا له مِن حُزنٍ فظيع، مؤذٍ، ومُنهك. ينخر في داخلي حتى آخر نيّة للحياة.,1
كيف لي أن أعيش في هدوء  حين يأتي مرفقاً بذاك الجانب القاتم، عزلة ساحقة، إحساس قاتل بعدم الأمان، استياء دائم.,1
في النهاية ستموتُ وحدك، رُغم كثرة أولئك الذين يدعون أنهُم سيبقوا معُك لِلأبد.,1
تمُر الأيام بِبُطء و ملل يملؤها الحُزن و الألم و الرغبة في الموت و إنعدام الأمل، تمُر و كأنها تدهسُ روحي وقت مرورِها,1
ستستمر  هذه السنين بالخيبات والفشل في حياتك ، لن يهتم احد لحالك وانت  منهك وجريح. تشعر أن أحداً لا يفهمك في شمول كيانك، وأنه لم يعد لديك ما تشاركه مع الآخرين يعذّبك سوء الفهم، تعذّبك الأحكام.ويستنزف فشلك في الإيضاح قواك كلّها، فتبقى صامتاً حتى عندما تشعر برغبة في الكلام.,1
لا اريد اي شئ من الحياه ولا حتى السعادة وصلت لنقطة ، لا أريد فيها التقدم للأمام او خوض الحياة. فقط الانسحاب والاستسلام,1
من أسوأ الأشياء التي يفعلها الرجل ذو النوازع الانتحارية هي عدم قتل نفسه بل التفكير بالانتحار دون فعله ، لا شيء أكثر إذلالاً من حالة التفسخ التي تقود اليه فكرة _ إعتياد فكرة الانتحار_فالمسؤولية فالوعي، كلها تطوف بلا هدف في ذلك البحر الميت مغمورة او عائمة على السطح لعبة بيد التيار,1
يفكر بالانتحار ويقف على ضفاف الموت كل يوم ولايدخل اليه صديقي انت تتألم بشدة كان الله في عونك,1
أحياناً تحتاجُ إلي أن تتوقف عن التفكير فترة، أن تتوقف عن التفكير فيما سيحدُث، و فيما يحدُث، و فيما حدث بِالفعل، أحياناً يقودُك كثرة التفكير إلي الموت,1
أُعاني تراكُم الأشياء داخِلي، مِن تراكُم الحُزن بقلبي، مِن تكاثُر المُشكِلات علي، أُعاني مِن كثرة الخيبات، و تضاعُف الألم، و إزدياد عدد ذكرياتي السيئة، أُعاني تراكُم كُل شيء، هذا سوف يؤدي هذا بي إلي الجنون أو الموت.,1
الاكتئاب مرض له عقل خاص يعرف تماماً كيف يتلاعب بصاحبه يعتقد الناس أن المريض يمكنه التحكم في حالته النفسيه و أنه بإمكانه الخروج من الكأبه وقتما شاء مثير للسخريه!و كأننا نحب الكابة و نسعد بها، الحقيقة أن الاكتئاب يتحكم فيك كما لا يمكن لأحد أن يتحكم يفرض عليك ما تفعل و ما تقول.,1
احس راسي بينفجر ونص حاضرة ونص لا وراسي وجسمي ثقيلين,1
ليش التفكير غير إرادي كذا يفصل المخ,1
والله صعب لما يكون سلوكك متزن وشخصيتك مميزة وانت داخلك الكثير من الأعطاب النفسية، والله انه جهاد عظيم,1
ترى لما تعيش لوحدك ترى كفاح,1
المشكلة في الاكتئاب يزادد في النهار ويزيد الوسوسة,1
والله مزاجي زفت وراسي حار وخنقة ابغى ارجع بيتنا واصيح وامس اتقلب ماقدرت انام  عدل,1
بعد الحالة النفسية السيئة وعدم استجابة العلاج اقول طز في الناس ماوراهم الا التعب,1
صعب تمثل انك حاضر الذهن وعلى طبيعتك وانت تتقطع قلق وتفكير ومو على بعضك يارب فترة مؤقتة وارتاح انا متعبة ,1
الشي الجميل في الحياة حتى مع الاكتئاب داخلك الصديقات والأطفال وبالخصوص بت خالي شي ثاني.. لطيفة خفيفة دم جميلة تناكل يارب اجيب نفسها,1
كيف مشاعرنا وحالتنا النفسية تؤثر على جسدنا بهالطريقة شي غريب ياسبحان الله,1
منهلكة ومافي طاقة,1
مو قادرة اكمل يومي بشكل طبيعي واتماسك جد تعبانة,1
اصعب شعور مرات يمر فيه الأنسان هو شعور الأنطفاء ما تعرف وين وجهتك بضبط غير انك مستمر و طبطب على قلبك بأنه يروح مع الوقت,1
أنا لا أنسى كل ليلة اختنقت فيها همًا، وانقبض قلبي حزنًا، ولم أجد أحدًا حولي، لم أمت، لم ينته العالم، لكني أدركت معنى .. كي تعيش عليك أن تكون قويًا بك.,1
البرادعي يستقوى بامريكا مرةاخرى و يرسل عصام العريان الي واشنطن شئ مقرف,0
عودة جماعة الإخوان إلى الحياة السياسية بنفس وضعها السابق مستحيلة والطرمخة على جرائم الماضي لن تجعلنا نتقدم شبرا,0
الإصرار علي الإستفتاء في ظل وطن ممزق وغليان شعبي وغياب أمني وقضاء معطل واعلام محاصر هو انعدام للإحساس بالمسؤولية نحو مصر,0
أدين بشدة تقديم كل صاحب رأي أو ناشط سياسي للمحاكمات العسكرية علي المجلس العسكري الالتزام بتعهده بعدم إحالة المدنيين لمحاكمات عسكرية,0
1 العنف مدان، ضد منشآت عامة أو خاصة، ضد مجمع محاكم أو أقسام للشرطة أو مقر إعلامي حزبي كإخوان أون لاين، من الأجهزة الأمنية أو من المتظاهرين,0
انا لو نفسي اخطط و ارتب و اصرف فلوس الدنيا عشان اشوه الاخوان مش حاعرف اخترع حد زي صفوت حجازي,0
"تحالف بين #أنصار_بيت_المقدس و #الحرس_الثوري لتنفيذ عمليات ""إرهابية"" في مصر #مصر #الإخوان #المد_الشيعي #عمليات_إرهابية",0
_ 0 مش عيب تكذب؟ عمري ما عملت ولا هعمل بلوك لحد لا تمدح نفسك,0
الضعف الانتخابي والجماهيري لا يقتصر على الأحزاب الجديدة ويطال بكل تأكيد قوى راسخة في المشهد السياسي إلا أن عقود سلطوية مبارك الطويلة أنهكتها,0
#مصر_القوية |11-حذرنا من خطر تحول سلطات الدولة لمجرد سند لسلطة عسكرية لا تفهم سياسة ولا تعي معنى الدولة ومهامها وحدودها خارج فكرة حمل السلاح,0
منذ عامين وحتى الآن كل ما قدمه أنصار تيارات الشعارات الإسلامية لمصر مجرد مشاريع خناقات مع العالم والكون وأبناء الوطن,0
#باسم_طلع_حرامى يا حرامي,0
السلفي سعيد عبد العظيم قال أن مرسي آية من آيات الله ونسي أن الله تعالى أرسل إلى مصر أيام سيدنا موسى آيات منها الجراد والقمل والضفادع والدم,0
5 هاتلي اخوان أي حاجة مش تنوين ومش ضمير اخوان وبعدها كلمة مش هتلاقي غير لوط وشياطين!,0
الماظة:لابد من معايرة العدادات وتوحيد التعريفة لكل القاطنين،التقديرات الجزافية ظلم ولابد أن تتوقف,0
 الأسواني:ماذا فعلوا الأخوان رداًعلى سحل فتاة وتعريتها وقتل العشرات من قبل العسكر الذين كانوا متحالفين معهم آنذاك؟>,0
حرية التعبير لا تتضمن التحريض على العنف و الفتنة الطائفية بل هو خطاب كراهية,0
قصدي كان موجه لكذبك أني ما كنتش هناك,0
مرسي فتح على نفسه فتوحة ضنك بذاته الرئاسية دي ده فيه ناس هيبقى كيفها الشتيمة بعد كده,0
بكري قبل مايستقيل خد معاه الميكروفون البيتبكري متن خد غرضه من المجلس,0
ويبقى دائما السؤال: لما إنت جامد قوي ومفترض إن المعارضين بيموتوا بغيظهم شاغل نفسك بيهم ليه ما بتستمتعش بحلاوة إنجازاتكالإجابة:لأنك فاشل,0
5ج وأنعت الرئيس بعد الحشد المذهبي والطائفي برئيس التكفيريين المنتخب، يمتنع تشويه موقفي وتحويله بعبث إلى أي شيء غير رفض المذهبية والتكفير,0
إستمرار الحراك الطلابي بـ #جامعة_المنصورة #مفيش_عساكر_يحكمونا,0
7_ أكبر معوقة وخازوق أخذناه كان من الإخوان أنا شايف كده واليوم يجب أن نكمل المشوار دونهم,0
الراجل بتاع الامن بينف بمعدل نفتين كل ٧ دقايق فتحنا الشبابيك عشان السقعة راحت واشتكينا مراراً وتكراراً ليه عموم الشعب معفن #…,0
حظ العوالم ! :) #الاهلي_الافريقي,0
منهج الانقلاب قتل وقمع وسجن اى معارض اعلام فاسد وقضاء مسيس ارتفاع للاسعار واقتصاد ينهار عزلة دولية وشحاتة خليجية,0
1 3 قتلى وأكثر من 450 مصاب في محافظات مختلفة، هذه مقدمات كارثية لاقتتال أهلي حذرت منه دوما وينبغي رفضه ومواجهته، كل الدم ا…,0
نفسي فيه و تفوو عليه ! #فيفي_عبده =)),0
_ لا ده بيقوللك وسوري كمان وأعلى حاجة أن بيقوللك عبد البيادة وفي نفس الجملة بيهين الجيش,0
الذين انتخبوا شفيق ليسوا بالضرورة فلول الفلول ببساطة هم كل من اشترك واستفاد من فساد مبارك لا يمكن للثورة ان تتحالف معهم لانها قامت ضدهم,0
مصر الانقلاب تطالب بمقعد دائم للدول العربية فى مجلس الامن بينما مصر والعرب فى أضعف حال مثل مريض يطالب اتحاد,0
عمال مصر هم عماد الوطن، تكرار الإعتداء على العمال يؤكد ان دولة مبارك لم تسقط وان تغيرت الوجوه,0
معظم #الاخواآن مشاركوش ف الهشتاآج المسئ للسيسي وبكده يبقى #الاخوان باعونا مرتين مره ف #محمد_محمود ومره ف #هشتاج_هشتوج …,0
إستخدام المساجد في العمل السياسي ونشر العنف # #,0
اذا تم العفو عن مبارك ونظامه فهذه رسالة من الشعب الى الرئيس القادم تعالى اسرقنا واستبد بنا وذلنا كما كان مبارك,0
"صورة الشهيدة ""رضا رمضان ""42 سنة التي استشهدت برصاص قوات أمن الانقلاب #الفيوم #انتخبوا_العرص",0
مهو لما الواحد يصتبح علي جدول #الامتحانات كدة مفروض بقيت اليوم هيبقي عامل ازاي -_-,0
عمرك شوفت إستفتاء على دستور يطيح بالمبادئ الدستورية (المساواة وتكافؤ الفرص) في قواعد مرحلة الإقتراع وإدارتها؟,0
5 ألم أقل لكم إنها ممارسة فاضحة لازدواجية المعايير وتخوين المعارضين أملي أن لا تبتلع بعض قطاعات الرأي العام الطعم مجددا,0
ازاي البرادعي يقول ان الهولوكوست مأساة انسانية و ان بوذا ممكن يكون نبي و ان السلفيين متطرفين و يطالب بعودة اليهودايه؟ده عصام العريان؟,0
من الاخر اى حد فيه الرمق من المعارضة يمكن ينزل انتخابات شعب او شورى بيتقبض عليه لغاية ما تخلص خارطة الطريق وبعدها ربنا يسهل,0
الأسواني: لهذا لا يوجد فرق بين إرهاب الكنيسة الكاثوليكية في الأندلس على يد الراهب بليدا وإرهاب أسامة بن لادن>>,0
الانقلاب اعادنا الى عام 1955 بعيدا عن الحريات الضائعة التخلف يزحف على كل القطاعات وبكره تشوفوا مصر,0
#نبض_رابعة | #شاهد معتقلين المنيا في قاعة المحكمة يهتفون ساخرين من القاضي و من فضيحة زوجتة مع مدرب الكراتيه (,0
"زي النهار الطفل لما ينفلت من بين أيادي الضلمة ويشقشق أنا شفت روح الحق لما إتسللت صرخت وفي وش الخرس إنطق""عمار وفؤاد حجاج",0
لا أهاجم مرسي لأني أستكثر عليه الرئاسة بل لأنه كذاب ومخلف لوعوده وفي رقبته دماء شبابلا أسميكم خرفانا فحتى الخروف يستحي أن يدافع عن كذاب,0
عاجبني الإيجابية الخايبة بتاعة الرفاق طيب خليك إيجابي بشوية حنكة سياسية أي منظر مش ستريبتيز مجاني كدة #مرار_طافح #ثورة_…,0
"الانقلابيون قرروا العمل والاقامة فى محيط المطار عشان الى يلحق يهرب يعملها فور سقوط الانقلاب, غوروا فى داهية",0
"أيمن يونس يؤكد:الزمالك لا يشارك فى دورة فى قطر لموقفها من مصر, حكومتك يا كابشن بتتفاوض مع قطر عشان تشحت غاز",0
عار عار عار عار عار عار مانحن فيه عار الدماء أنهار والشهداء بالعشرات الرصاص فى الرأس والرقبة والصدر,0
بلطجة الإخوان والإعتداء على الإعلاميين بمحيط اكاديمية الشرطة #السادة_المحترمون,0
ومن يرددها هم من لا نريدهم في مصر لا في السياسة ولا في البرلمان القادم، وكفاهم الضرر الذي أحدثوه لثقافتنا ووعينا السياسي بلغتهم وأساليبهم,0
انا مش فاهم واحد عنده اكتر من عشرين الف متابع لمجرد انه حاطط صورتي و محور في اسمي ريبورت و سبام من فضلكم,0
فضيحه تانيه أنا لسه ماسك ف مستشفي راس سدر وعرفت ان تم أخذ من الدوله حدود ١٥١ مليون جنيه لم يتم صرف ٦٠٪ منها,0
اردوجان مستمر في نهجه ويحاول أن يلوث المد الثوري المصري #يوسف_الحسيني #السادة_ال…,0
هنلف ونرجع لنفس النقطةلما تقول إن كل اللي قالوا لا ثورة مضادة يبقى ماتكلمنيش عن التفكير العلمي والمنطقيبس كده,0
#حمدين_صباحى بيقول برنامجة هيتحقق في ٩ شهور ، بس مقالش هيبقي طبيعي و لا قيصري و في مستشفي اية !!!! الرحمة يا رب,0
من يوقف قانون العزل ومن يجمد بلاغات الفساد ضد شفيق ومن يهدر طعون التزوير هل سيجرى انتخابات اعادة نزيهة اما تطبيق القانون او مقاطعة شاملة,0
لما إنت عارف مجموعة الشيوعيين بالإسم ابقى قدم فيهم بلاغ ولاتنشر الكلام على عواهنهكلامك واضح يارجل الحوار,0
8ب وبعد عزل إجباري للرئيس المدني المنتخب كنت أتمنى أن لا يحدث باحترام الإخوان للجوهر الحقيقي للديمقراطية متمثلا في طلب الشعب التغيير,0
#حط_نفسك_مكان_البنت اللي بقيت بتسمع شتايم قذرة من ناس اقذر في الشارع عادي علي اساس ان الولاد كدة بتهزر,0
في أمريكا دلوقتي المحطات النووية شغالة وبرامج الفضاء شغالة والأبحاث العلمية والاستديوهات والمصانع والأحزاب وحركات الرفضإنت بقى شغال في إيه؟,0
اطالب بعزل شفيق ومحاكمته ثم عمل انتخابات نظيفة او التحقيق في التزوير واستبعاد الأصوات الباطلة والإعادة بين الثاني والثالث او مقاطعة المهزلة,0
ﻟﻴﻪ ﺍﻟﺒﻨﺖ ﺍﻟﻠﻰ #ﺗﺤﺐ ﻓﻰ ﻣﺠﺘﻤﻌﻨﺂ ﺑﻴﻌﺎﻣﻠﻮﻫﺎ ﺍﻧﻬﺎ ﻋﻤﻠﺖ #ﺟﺮﻳﻤﻪ ﻭﺑﺘﺒﻘﺎ ﺑﻨﺖ ﻣﺶ #ﻣﺤﺘﺮﻣﻪ ; :: #حوكا,0
من بوابة الأهرام الأسلوب الحقير للصهاينه استخدم من قبل مع اخرين,0
وهذا ماقلته اليوم مع محمود سعد لمن أراد أن يدرك حقيقة أكذوبة الإستقرار الذي يروجون لهتصبحوا على خير,0
البرود #اسلوب_حياة,0
الإخوان جماعة إرهابية وهم من قتلوا ابني,0
حين يصبح مصطفى بكري شبه متحدث باسم المجلس العسكري ، اعلم أن هناك الكثير يجب عمله، حتى تنجح ثورتنا,0
ان اللون الرمادي ليس له محل من الاعراب يا ابيض يا اسود #علمتني_الثورة,0
أثار تخريب كنيسة مارجرجس وحرق بيوت الأقباط بقرية دلجا بعد اعتداء الإخوان #السادة_المحترمون …,0
لا شيء يبرر إحالة المدنيين للقضاء العسكري حتى البلطجية القضاء المدني كفيل بهم,0
أهدم نفسك عشان تبني مستقبلك !! #التعليم_في_مصر,0
#مصر_القوية |10-لقد حذرنا في حزب مصر القوية ولا زلنا نحذر من خطورة تحول سلطات الدولة إلى مجرد سند لسلطة عسكرية لا تفهم الس…,0
#دوله_التعريص #عسكر حراميه,0
لا يستطيع الرئيس مرسي ان يتنصل من مسئوليته عن الغاء عرض مسرحي على مسرح الدولة هل قرار الأمن أقوى من الرئيساين وعود الرئيس عن حرية الإبداع,0
أما بالنسبة للشامخ فده يدلَّع ونقوله يا أبو شامخة,0
العملية نسر لم تفشل النسر هرب مع طائر النهضة عشان يتجوزوا عرفي و راجعين,0
الأسواني:لماذا تصر الولايات المتحدة على استمرارها في دعم مرسي للنهاية رغم قتله للمصريين وقمعه للتظاهرات,0
#أنصار_المعزول تعدى بالضرب والتعذيب على الصحفى بجريدة #فيتو محمد ممتاز,0
التنظيم الدولي للإخوان تعلم على يد رامسفيلد يقوم بحربين في وفت واحد او #كلام_و_كلام #يوسف_الحسيني #…,0
قالك :- الإخوان بيزايدوا علي بتوع #الإتحادية طب و جملة مش هننزل نتظاهر مع الإخوان دي إيه ؟ رز بلبن ؟,0
#حاول_ماتبقاش الوالد اللى بيصاحب مية بنت في الاخر هتجوز واحده #استرجل بقي,0
للمرة الاولى فى 40 عاما يأتى يوم 6 أكتوبر والجيش ليس حبيب الشعب الاغلبية بين كاره وغاضب وخائف ومندهش أو لديه ثأر,0
د أبو الفتوح : رقابة الدولة على الأفكار يحول الناس الى مؤمنين منافقين وهذا ما لانريده ولا نقبله,0
بسمة أمل - قصة سقراط مع النميمة: في هذه الأيام وللأسف كثرت الشائعات والنميمة وأصبح الكثير -إلا من رحم ربي من,0
استمعت للعمال: لا حق في انشاء نقابات مستقلة، 8 مليون بعقود مؤقتة، استبعاد 30 ألف مرشح من الاتخابات النقابية، عدم وجود حد إنساني لللأجور,0
هو إحنا حا نعمل جلسات مجلس شعب ليه؟ ما الإخوان أهم بيخلصوا كل حاجة من مكاتبهم ولا حوجة للزحمة والمصاريف,0
_ طبعا الرئيس الذي تطلق جماعته بلطجية ليعتدوا ويسحلوا ويضربوا بنات بلده هو رئيس فاقد للشرعية تماماً,0
_2012 غلط شوف الاعلام بتاعهم بيمسكوا في اي حاجة حتى لو تافهة,0
اصحاب المحلات فى شرم احتفلوا بالانقلاب واذاعوا تسلم الايادى اليوم تظاهروا ضد الانقلاب بكره تشوفو مصر,0
_ لم يحدث هذا كذب و افتراء,0
#ذات_مومنت لما موبايلك يغطس في البطنيه وتقعد ادور فيه ما تلقشي واخر حاجه تنفض البطنيه يقعد الموبايل ايتخبط فيالوطى :/ اصلا عادي,0
شخص يهدد بإستمرار الإرهاب وعمليات القتل في سيناء حتي عودة مرسي أعتقد أنه مدان بالقانون والسجن في إنتظاره,0
اهالى #عزبة_النخل يفضحون #السيسى: حملته قالت لنا اعملوا توكيلات للسيسى وهن:,0
_ 25 # تدعون للدين وتنشرون الأكاذيب، لم أكن أبدا عضوا بالوطني انتم تتاجرون بالدين,0
مرسي موحد الفتن,0
"أخر ما كتبه شهيد اليوم بإذن الله ""عبد الرحمن احمد "" هذه هى نوعية الشباب الذين يقتلهم السيسي حسبنا الله و نعم الوكيل …",0
نيويورك تايمز: الانقلاب دراكولا يبطش بالصحافة,0
استمرار تطور وتجديد كوادر التنظيم المسلح لجماعة الإخوان الإرهابية #السادة_المحترمون …,0
#الببلاوي #أنتخبوا_العرص #الهاشتاج,0
وماحدش هيضيع البلد غير الجبان والواطي والحقير عديم الذمة اللي عمره ما بيقبل على نفسه ما يقبله على غيره من كتر ما هو خائف وجبان,0
مفيش حاجة اسمها دولة وطنية في حاجة اسمها الجماعة التنظيم طز في مصر #السادة_المحترمون …,0
الاعتقالات كالامطار بلا مبررات لكن الانقلاب يرفض حضور المحامين لتحقيقات النيابة,0
عبد المنعم ابو الفتوح اعداء المصريون فى الخارج والداخل يدبرون مؤامرات لاجهاض ثورة يناير # #,0
#بصـراحـه #عن ناس بيبقى نفسك تقولهم يلا المركب اللى تودى و يا ريت تتقلب و هى بتودى ! #رخامة,0
الجزار الفاشل يحضر الآن سكينه لكي يذبح بعض كباش الفداء قبل أن يكتشف أن المشكلة أعمق من فشل الأشخاص فهي مشكلة فشل سياسات,0
نت #فودافون بيعلم الصبر,0
عصام سلطان فضل عشر سنوات عامل نفسه منشق وضد الاخوان وبعدييين بعد الثوره اتضح انهم منهم ولا انشق ولا يحزنون,0
كنت تأجل وتيجي منك بجميلة وتعمل فيها قعر مجلس وكبير العائلة بس هتقول إيه الغباء السياسي صنعة,0
88 إنت باين عليك لجنة أمن دولة مفضوحين جدا,0
مدير جامعة الإمام يستنكر الثناء على #أردوغان ويعتبر #تركيا دولة فاسدة فاسقة فاجرة تنشر الرذيلة #عسير #السعودية # #,0
الجبناء يكذبون علنا احدهم يقول ان العسكر لم يحكموا مصر اخر 60 عاما ويطالب بخضوع مصر للجيش واستشارته فى اى حاجة تخصه,0
الانقلاب يغلق مسجد النصر ب #رفح ومن اظلم ممن منع مساجد الله ان يذكر فيها اسمه وسعي فى خرابها انتظروا عقاب الله,0
مبادره دستورهم باطل لتعريف الشارع بالمساوئ الاقتصاديه و الاجتماعيه للدستور ببساطة،ريتويت بقا 3 مرات قبل الأ,0
عندما يسكت الإخوان على بذاءات الشيوخ المؤيدين لهم وتطاولهم على الأعراض فوق المنابر فلا تفرحوا كثيرا لأنكم ستكتوون بنار البذاءة والسفالة,0
كذبة حقيرة الاهرام العربي:مرسي طبع 65 مليار جنيه والبنك المركزى يأسف ويستنكر ويرفض التعقيب,0
فالانتقاص من صلاحيات البرلمان المنتخب واعطاء صلاحيات تشريعية لمجلس استشاري معين هما أمران ينبغي على كل مؤمن بالديمقراطية أن يرفضهما,0
قانون منع التظاهروالاعتصام المزمع إصداره يحسم اﻷمرأمام كل متردد بأننا نواجه سلطة قمعية ليس لها مشروعية تستهين بحريات وكرامة وحقوق المصريين,0
أيامنا هذه هى أيام اختلال مفزع لمعايير الحكم على الأمور فى المجال العام فى مصر وفى بلاد العرب,0
شاهد - آخر كلام: مسحت الكلام؟ طب مسحت الدم؟ جبت حق اللي مات؟ #,0
عايزه اعمل مجتمع ربعاوى بعيد عن الفلول و اللى عايزهم #فلول # شعب بلا اخلاق #ستحاسبووون,0
"اثنان وثلاثين سببا للتصويت بـ ""لا"" على مشروع الدستور",0
#الحكومة لا تلتـزم بـ القـانون للأسف #حقيقة,0
#6ابريل صباح الغباء # خلطة نقاء وغباء ثوري النتيجه حزب وطني #نيولوك #الحرية_للمعتقلين #ماهر #دومه #عادل # #…,0
639 #الراتب_مايكفي_الحاجة #الاتحاد #الهلال #النصر #الاهلي #مرسي,0
كلما اقترب موعد بدء الحملات الانتخابية، كلما تغيرت لغة الحوار والخطاب بين الأحزاب والسياسيين وأصبحت أكثر عنفا لفظيا,0
عن اي مشروب غازي كوﻻ #حافظ_مش_فاهم,0
"الباشا أبو 50% مش واخد باله أنه رمى كل أوراقه , بيهددنا انه هيضرب بكرة ذخيرة حية , على أساس ان قبل كده كانوا بيضربونا بق…",0
مرسي سمع تهديد البلاك بلوك باقتحام القصر من هنا وقام معلي سور القصر بالطوب الأحمر فين فتحة الصدر يا سجين القصر,0
والمصحف مرتضي منصور بيتلكك لميدو #زمالك,0
مازلنا نعيش عهد اللافعل,0
تجاهل الاعلام الحقير لضحايا معدية قنا الذين غرقوا فى النيل يكشف انهيار الحق لو أيام مرسي كانت الولولة والدموع للركب مش كده يا منى,0
ع سبيل النكد #باسم مش جاى النهاردة :(,0
أعتقال الناشط اليساري هيثم محمدين يكشف بوضوح أن العسكر يستهدف المد الثوري أي كان لونه أو شكله أو إنتماءه وأن …,0
ماعنديش فلتر بين مخى ولسانى دى مصيبة الل بفكر فيه بقوله #عادة #زفت #اعتراف,0
كفاية سياسة بقي,0
نقطة أخيرة قانون التظاهر الذي يحتاج إلي إعادة النظر في عقوباته كما يقول #الببلاوي أصدره هو في عهده وبنفسه أرائيتم كيف وصل العبث بعقولنا؟!,0
د أبو الفتوح : مشكلتكم تحتاج لقرار ادارى والحكومة الحاليه ضعيفة لدرجة انها لا تستطيع اتخاذ قرار ولا بد من سرعة,0
اعلام العار ساند منتخب مصر فى غانا لينسب الفوز لسيسي فخسرنا بالستة وتجاهل الاهلى كرها فى ابو تريكه ففزنا بكاس,0
المظاهرات أمام سفارة #الامارات_عاهرة_الخليج في #جمعة_الحسم #راجعين_30 #الانقلاب_العسكري,0
كيف يمكن مسح الشرائط التى سجلت جرائم العادلي لماذا كان العادلي يضحك بسعادة اثناء محاكمته اتمنى الا تكون إجابة السؤالين واحدة,0
تجار الدين يكذبون ويعتدون ويتواطئون ويزورون الاستفتاء ثم يقيمون الصلاة انفصال كامل بين العقيدة والسلوك يستدعي التأمل ويحتاج الى علاج نفسي,0
واضح ان بالنسبة لهم لحوم العلماء مسمومة الا لو كانت لحوم المفتي و شيخ الازهر,0
علاء الأسواني: لقد حافظ الرئيس مرسي على اعلام مبارك الفاسد وراح يستغله لمصلحته المقال كامل … …,0
يا غنوة مبتكملش يا دمع يا محبوس ليه كل ما أحلم حلم بقى يتقلبلى كابوس #محمد_محسن,0
قلب الوطن مجروح لا يحتمل دين ام #عسكر #منير,0
المصري بيقول حزام ناسف و الشروق بيقول سيارة مستفخخة و الأهرام بيقول شنطة مدارس قوم اوقف ونتا بتكلمني,0
المفسد عادل فقيه #عادل -فقيه -وزير-للصحه,0
صامت على الانقلاب مثل رجل شاهد خيانة زوجته فشرب عصير ليمون سئل:ماذا فعلت قال:عملو ليمون لنفسهم,0
لا اعترف بسفير يدين مواطنه قبل ان يجرى تحقيق محايد وعادل لا تعرفه السعودية هذا سفير مبارك وليس سفير مصر أبدا,0
"#الجيزة||#حاميها_حرميها حالة أستاذ بطب طنطا للتحقيق بسبب رأيه على ""الفيس بوك"" قرر الدكتور عبد الحكيم عبد الخالق،",0
قتل صحفيين ابرياء اعتقال وسجن صحفيين ظلما ترهيب صحفيين ومنعهم من عملهم حرية الصحافة ترقص على واحدة ونص,0
يا أيها المغيبون,0
في ناس واقفة بشوم عند الشوارع المؤدية للتحرير بتوقف الناس بشكل عشوائي وقفوا العربية ال قدامي واتجمهروا عليها بدون داع …,0
حمدين فرصته ضعيفة أبو الفتوح أقوى و بعدين #فسسسسس,0
#أوباما: ميانمار لن تنجح إذا استمر قمع الاقلية المسلمة #العرب #مسلمي_الروهينجا,0
كلام أم الشهيد محمد مصطفى بيجيب من الآخر: مرسي كذب في وعوده,0
يعني واحد ما بيعرفش يقرأ أليس من الهراء والعبث أن تأخذ رأيه في كتاب دون أدنى مجهود لشرحه له؟ خاصة لو هيأثر على حياته وحياتي أنا كمان!,0
شفت كل شي بالحياه بس اول مرة اشوف شب حامل طبلة بالرابية بطبل عشان ال #عشنا_وشفنا,0
#ناشرون_الأخبارية : #حمدي_قنديل قانون الطعن فى العقود دا خلانا طراطير والشعب طرطور والحكومه ومجلس الدوله والشعب طرطو,0
اسألوا #البرادعي عما فعله في #العراق #البرادعى_طلع_جاسوس #باسم_طلع_حرامي …,0
"قرارات مرسي ""انتقامية""",0
لن أمل من تكرارها: أيام كان رئيسكم مرسي يحسن أحسنت أنا وغيري إليهلكنه منذ أن بدأ الكذب وإخلاف الوعود وتسبب في إسالة الدماء لا يستحق الإحسان,0
#حلاوتك_وانت عامل نفسك دكر و راجل قدام امك و بتبقى مرمطون و شخشخية ف ايد البنت بتاعتك #استرجل,0
بتسمع صوت موتور بتفكّرو هلكوبتر بتسمع صوت موّلدة كهربا بتفكّر هلكويتر ياربي دخيلك شو هالحالة #سوريا,0
أشعر بالشفقة على من يصف فبركات السيسي يوم30 يونيو بثورة حشد مرتب لمدة ست ساعات لتبرير عملية الخيانة والغدر والإنقلاب على أو…,0
ﻭﺍﻗﻮلك ﺍﻳﻪ ﻃﺮﻳﻖ ﺍﻟﻜﺮﻩ ﺍﺧﺮﺗﻪ ﺍﻳـﻪ ﻭﻫﻲ ﻗﻠﻮﺑﻨﺎ ﻣﺎﺗﺖ ﻟﻴﻪ ﻟﻔﻴﻦ ﻫﻨﺮﻭﺡ ﻣﺎ ﺑﻴﻨﺎ ﺷـﻴﻄﺎﻥ ﺍﻣﻠﻨﺎ ﻳﺎﻭﻃﻦ ﺧﻠﺼﺎﻥ ﻣﺤﺪﺵ ﻓﻴﻨﺎ ﻣﺶ ﺧﺴﺮﺍﻥ ﻭﻻ ﻣﺠ…,0
"الانقلاب يجمع عددا من الفاسدين ليقدمهم لاشتون على انهم المفاوضون من جماعة الاخوان, فضائحهم لم ولن تنتهى",0
انصار الشرعية يدينون هذه التفجيرات #مصر_الليلة,0
"#يوسف_الحسيني بالفيديو يفضح كذب قناة الجزيرة ويكشف تمثيل الاخوان دور الموتى!! """,0
_ قمع الثورة في البحرين بطريقة همجية جريمة تم التغاضى عنها لاسباب طائفية الانسان يجب ان يتمتع بحقوقه مهما يكن دينه او مذهبه,0
الأسواني:لماذا تصر الولايات المتحدة على استمرارها في دعم مرسي للنهاية رغم قتله للمصريين وقمعه للتظاهرات …,0
يرفض نسب هجوم سيناء ضد خلية إرهابية إلى إسرائيل,0
هد دايرة و بنلف فيها ، الداخلية مش عايزة بقي في اولتراس فاخترعت مذبخة بورسعيد فالناس تموت فالجمهور يتمنع من الماتشات #الكورة_للجماهير,0
ما أحقر القاتل حين يبرر جريمتة ،! #مجزرة_رابعة #مجزرة_سجن_ابوزعبل #رابعة,0
الليلة11مساء نستمرفي كشف إغراض الجزيرة وحملتها الداعمة لتنظيم الاخوان الإرهابي مستخدمين تقاريربعدسة الجزيرة نفسها #مصر #الإمارات #لبنان #قطر,0
الصورة تتحدث عن نفسها #مصر #الداخلية_بلطجية #حريه #محمد_محمود #جرافيتي,0
لا أعرف لم يعرضون المبالغ على الطفل #فيصل_الغامدي لإغراءه ببيع هدية #الملك ألا يدركوا أنها لا تباع ولا ترد خاصة أنها جاءت من والد الجميع,0
:))))) سيبك مته ده أهبل !,0
#انتخبوا_العرص #الببلاوي القاتل اعترف رسميا بانقلاب العسكر على #الرئيس #مرسي,0
بس ممكن #العرص يموت وساعتها #حمدين_صباحي ينجح بالتزكية ساعتها حيكون له تلات معارضين #الاخوان و #الفلول و #مؤيدين_السيسى_بيعملوا_فولو_لبعض,0
_712 بصراحة طظ في أي جمهور زي حضرتك وده رأي مش كره والله,0
أزمة الفكر فى مصر أن الأعلى صوتاً لا يقول شيئاً والأكثر حكمة لا يسمعه أحد,0
أي خروف يشوف أعداد النهاردة لازم يتواضع ويهز ليِّته خاصةً ان العيد على الأبواب,0
انتهاكات الانقلاب القمعية فى جامعة الاسكندرية وصلت مداها باصابات واعتقالات انقذنا يا عزيز يا جبار من طغمة الاستعمار,0
3 الجزيرة ولا حاجة جنب قناته الشملولة اون تى فى الى بتتوقع الكوارث قبل حدوثها وتسبق لموقع الحدث,0
ملاحقة باسم يوسف وزملائه من الإعلاميين بتهم لا تعرفها الا الأنظمة الفاشية هو استمرار لممارسات قبيحة و بائسة لإجهاض الثورة التغيير حتمي,0
دماغ الداخلية البايظة,0
"منذ تم التصويت على تعديل قانون انتخابات الرئاسة (العزل),قد انهالت علينا التعليقات المليئة بالسباب الممنهج من اللجان الإلكترونية المأجورة 1-3",0
انها قنبلة موقوتة استمر فى تطبيق قانون الطوارىء و خاطر بالانفجار,0
الأنذال كان المخطط ليومنا المنقضى هذا ، من خصوم الوطن والإنسانية ، هو تحقيق أعلى نسبة عنف وحرق واقتحام وقتل ،,0
مثلهم مثل أنصار مبارك وأنصار كل مستبد يتصورون مشكلتهم مع الكتاب والإعلاميين ثم يفاجأون أن مشكلتهم مع الواقع الذي امتلأ بالمظلومين والمحبطين,0
اعتراف من نقابة الصحفيين الفاسدة: هناك مناخ معادى لحرية الصحافة بعد الانقلاب أكثر من إى وقت سابق، الصحافة اتهانت,0
قوات من #الشرطة و #العسكر لقتل #الطلبة مش ناسيين #عمرو_خلاف #محمد_عادل #شريف_عاطف وغيرهم كتييييير,0
أي حد عايز ينتخب فرعون يبقى يدور على آلة زمن ترجع به هو لوحده لعصر ما قبل الميلاد,0
افلاس التليفزيون وصل مداه الغلابة من عمال وموظفين واعلاميين يدفعون الثمن والملايين موجودة لدرية وشلتها,0
اى دين او ملة اى رجولة او شهامة اى مهنة او مهمة تسمح لرجال بالمدافع يهاجمون نساء فى منازلهن للقبض عليهن ثم اتهامهن بحمل سلاح مصر اتهانت,0
إحنا إعلام نكدي والمسئول الأول عن حالة الكأبة الموجودة على وشوش المصريين …,0
الوحدة ليست تلك التي تُحكى فيها الاشعار او يصورونها على انها طعامك ومسلسلك المفضلين. بل ان يتركك كل من تعلقت به وان تشعر بالعجز عندما يرحل احبائك الوحدة هي التي تفرض نفسها عليك لا ان تختارها.,1